Sequence	Motif	Position	Probability	Downstream_sequence	Motif_sequence	Upstream_sequence
CHS1	VG	177	0.9924	SDFKG	LAGMD	RHMKA
CHS1	P-loop	206	1.0	TIGIW	GSSGVGKTT	LARYT
CHS1	RNSB-A	227	0.9974	EISVK	FQAHVFLENV	ENMKE
CHS1	RNSB-B	302	0.9846	FAPGS	RVILITQ	EKSLL
CHS1	RNSB-C	327	0.9994	YEVGS	LRYDEALQLF	SRFAF
CHS1	GLPL	363	0.994	VQLAG	FLPVT	IRLFG
CHS1	aC	81	0.9993	EVSSV	GFLEEL	IVIIE
CHS1	aD3	126	0.9989	ERAKI	WRTAIAKLDNIAA	QYSFS
CHS1	aD3	383	0.9633	RDKEE	WEATLLKLNAKQG	KDIKE
CHS1	bA	16	1.0	RELDV	FLSFSGKIAL	DVDFG
CHS1	bC	65	0.9995	EALTE	SKVAVVMT	SDEEV
CHS1	bDaD1	100	0.9998	KRSLT	VIPVFLTKHPLDVEKV	SQIFP
CNL-11990	extEDVID	60	0.9926	FEEKI	RVAASEAEDVVE	LKTRQ
CNL-11990	VG	146	0.9924	SEDDI	VQGID	DDLEI
CNL-11990	P-loop	174	1.0	IVTIT	GMGGIGKTT	LARKA
CNL-11990	RNSB-A	197	0.998	QIRYH	FDILAWVTIT	QEFRN
CNL-11990	Walker-B	250	0.9769	KKLKG	RRYLVVVD	DIWTK
CNL-11990	RNSB-B	280	0.9846	YKNGS	RILLTTR	ETEVA
CNL-11990	RNSB-C	305	0.9994	HEMIH	LSLENGWRLL	CDKVF
CNL-11990	RNSB-D	400	0.9875	NRLKP	CFLSMSSFP	EDFQV
CNL-11990	GLPL	342	0.9999	VEKCQ	GLPLT	ISVIA
CNL-11990	MHD	471	0.9965	IKACG	IHD	ILREF
CNL-11990	LxxLxL	570	0.998	SRFNL	LRVLSI	FNTNG
CNL-11990	LxxLxL	595	0.9977	TKLFH	LKYLQV	RFDGD
CNL-11990	LxxLxL	616	0.9992	SDLQD	LQTLIC	SNYSF
CNL-11990	LxxLxL	640	0.9991	WMMKN	LRYICM	GGVTY
CNL-11990	LxxLxL	688	0.9992	SGIPN	IKRLII	HVPYF
CNL-11990	LxxLxL	715	0.9923	SRLTK	LVAFKF	KGSTL
CNL-11990	LxxLxL	739	0.9996	GFPTS	LRRLSL	TLCSF
CNL-11990	LxxLxL	764	0.9996	MMLPN	LEELKL	KHCQT
CNL-11990	LxxLxL	812	0.9992	GKFKS	LKLLQL	SGSTL
CNL-11990	LxxLxL	835	0.9995	DNFPN	LKCIVL	KECHW
CNL-11990	LxxLxL	859	0.9996	WEIST	LELIEL	HDCCT
MLA37-1	extEDVID	69	0.9975	WADEV	RELSYVIEDVVD	KFLVQ
MLA37-1	VG	166	0.9924	AEATE	LVGIY	GKRDQ
MLA37-1	P-loop	200	1.0	KVSIV	GFGGLGKTT	LARAV
MLA37-1	RNSB-A	221	0.9982	KIKGD	FDCRAFVPVG	QNPDM
MLA37-1	Walker-B	272	0.9762	EFLEN	KRYLVIID	DIWDE
MLA37-1	RNSB-B	303	0.9846	NNLGS	RLITTTR	IVSVS
MLA37-1	RNSB-C	331	0.9994	YQMEP	LSVDDSRMLF	YKRIF
MLA37-1	RNSB-D	430	0.9875	SNLKT	CLLYLCVYP	EDSMI
MLA37-1	GLPL	368	0.9999	LKKCG	GVPLA	IITIA
MLA37-1	MHD	499	0.9965	AYACR	VHD	MVLDL
MLA37-1	LxxLxL	533	0.9967	SSQSN	CRRLSL	QKRNE
MLA37-1	LxxLxL	559	0.997	KSMSR	VRSITI	FPSAI
MLA37-1	LxxLxL	581	0.9988	SRFDV	LRVLDL	SRCNL
MLA37-1	LxxLxL	610	0.9998	GHLTH	LRYLGL	EGTNI
MLA37-1	LxxLxL	633	0.9997	GKLQF	LEVLDL	ENNHN
MLA37-1	LxxLxL	657	0.9993	CNFRR	LIYLNL	VGCQV
MLA37-1	LxxLxL	703	0.9978	GNLKR	LRVLEI	CFKDG
MLA37-1	LxxLxL	731	0.9897	CNLHH	IESLIF	DCKSI
MLA37-1	LxxLxL	790	0.9983	SHLSN	LSELTL	WPVKE
MLA37-1	LxxLxL	815	0.999	GALSS	LRRLCI	RSTHQ
MLA37-1	LxxLxL	840	0.9342	DGFRC	IVYFQL	DCGSA
MLA37-1	LxxLxL	863	0.9978	GALPR	AESVVI	SLGVR
Pid3-A4	extEDVID	77	0.9976	FVKQV	RSLALSIEDVVD	EFTYE
Pid3-A4	VG	173	0.9924	KREDE	LVGIE	KKRDL
Pid3-A4	P-loop	201	1.0	VVSVW	GMGGIGKTA	LVANV
Pid3-A4	RNSB-A	222	0.9981	AIKAD	FDTCAWITVS	QSYEA
Pid3-A4	Walker-B	279	0.9755	SYLEN	KRYVLVLD	DVWNA
Pid3-A4	RNSB-B	308	0.9846	DGNIG	RIILTSR	NYDVA
Pid3-A4	RNSB-C	333	0.9994	INLQP	LEKHHAWDLF	CKEAF
Pid3-A4	RNSB-D	432	0.9875	HNIKN	CFLYCSMFP	ENYVM
Pid3-A4	GLPL	372	1.0	VDKCN	GLPIA	IVCIG
Pid3-A4	MHD	83	0.8354	SLALS	IED	VVDEF
Pid3-A4	MHD	501	0.9965	VHEVQ	MHD	ILRVL
Pid3-A4	LxxLxL	534	0.9958	HLIGE	ARRLSI	QRGDF
Pid3-A4	LxxLxL	554	0.9987	DHAPH	LRSLLL	FQSSP
Pid3-A4	LxxLxL	579	0.9986	KSVKL	LSVLDL	TDSLV
Pid3-A4	LxxLxL	602	0.9996	FGLFN	LRFLGL	RRTKI
Pid3-A4	LxxLxL	625	0.9996	GRLKN	LLVLDA	WKCKI
Pid3-A4	LxxLxL	648	0.9994	TKLQK	LTHLIV	TSKAV
Pid3-A4	LxxLxL	704	0.9775	GSLVE	LRTFRI	SKVRS
Pid3-A4	LxxLxL	730	0.9971	TNMIH	LTRLGI	QADSS
Pid3-A4	LxxLxL	755	0.9993	KPPPL	LQKLFL	QGTLS
Pid3-A4	LxxLxL	781	0.9995	SNLNN	LTFLRL	AGSRI
Pid3-A4	LxxLxL	805	0.9957	EGLQQ	LVKLQL	YDAFD
Pid3-A4	LxxLxL	829	0.9989	NSFPK	LRILKI	WGAPH
Pid3-A4	LxxLxL	853	0.9993	GAMAS	LTDLKF	LLCPN
Pid3-A4	LxxLxL	877	0.9989	EHVRT	LEELTL	DHTAE
Pm5e	extEDVID	91	0.9981	WMKIV	RELCYDTQDYLN	FVQSA
Pm5e	P-loop	210	1.0	VIPII	GCAGVGKTT	AARTL
Pm5e	RNSB-A	231	0.998	KHGGK	FQCRAFVSVS	QNPDM
Pm5e	Walker-B	281	0.9748	RHLQG	KGYLIVLD	DLWTA
Pm5e	RNSB-B	311	0.9846	GDHRS	RIITTTQ	VHDVA
Pm5e	RNSB-C	339	0.9994	YKMEL	LDEYESRKLF	FRRVF
Pm5e	RNSB-D	433	0.9875	PGLRT	CLLYLSMYP	QGYVM
Pm5e	GLPL	378	0.9997	IRKCE	GLPLA	IVSIA
Pm5e	MHD	502	0.9965	VLSCT	VHH	LVLDF
Pm5e	LxxLxL	536	0.9942	AHPDK	VRRLSI	QFGGV
Pm5e	LxxLxL	560	0.9172	IVTSK	VRSLVF	WGFFK
Pm5e	LxxLxL	582	0.9526	MDYGF	LRILNL	HIWAD
Pm5e	LxxLxL	609	0.9988	GNLFL	LKYLTV	ECNIT
Pm5e	LxxLxL	632	0.9976	GMLRY	LETLEV	DARLF
Pm5e	LxxLxL	654	0.9984	DNLER	LLHLRL	PSESI
Pm5e	LxxLxL	701	0.9988	GGLSN	LQDLQL	TCAMA
Pm5e	LxxLxL	734	0.8356	ERLSF	LQTITL	VPASV
Pm5e	LxxLxL	801	0.9901	GELRK	LCILKI	AIRSL
Pm5e	LxxLxL	825	0.9986	ERMPA	LAALAL	YNQTT
Pm5e	LxxLxL	850	0.8543	GGFYR	LTYFKF	LCAAP
Pm5e	LxxLxL	872	0.9989	GAMPK	LQNLNL	GFNSD
Pm5e	LxxLxL	900	0.887	SHLRG	LTDVCV	RLGTG
R3b	extEDVID	77	0.997	WLNEL	QDAVDGAENLIE	EVNYE
R3b	VG	176	0.9924	VDESD	ILGRQ	NEIEG
R3b	P-loop	205	1.0	VVPVV	GMGGVGKTT	LAKAV
R3b	RNSB-A	228	0.998	KVKNH	FGFKAWICVS	EPYDI
R3b	Walker-B	275	0.9733	ESLKG	KKFLIVLD	DVWNE
R3b	RNSB-B	307	0.9846	GDVGS	KIIVTTR	KESVA
R3b	RNSB-C	331	0.9994	INVGT	LSSEVSWDLF	KRHSF
R3b	RNSB-D	426	0.9875	PQLKR	CFAFCAIYP	KDYLF
R3b	GLPL	369	0.9996	AYKCK	GLPLA	LKALA
R3b	MHD	489	0.9965	SGEFL	MHD	LVNDL
R3b	LxxLxL	520	0.8999	HMLER	TRHLSY	SMGDG
R3b	LxxLxL	574	0.9991	PRLIS	LRALSL	SPYDI
R3b	LxxLxL	598	0.9996	IKLKH	LKFLDL	SWTQI
R3b	LxxLxL	621	0.9993	CELYS	LEILIL	SHCSH
R3b	LxxLxL	645	0.9995	EKLIN	LHHLDV	SDAYF
R3b	LxxLxL	724	0.9967	REKKH	VERLSL	EWGGS
R3b	LxxLxL	755	0.9992	QPNTN	IKELRI	TGYRG
R3b	LxxLxL	780	0.999	HSFHK	LIEMSL	SYCKD
R3b	LxxLxL	803	0.9994	GQLPC	LKSLTI	RGMHQ
R3b	LxxLxL	834	0.996	KPFNS	LEKLEF	AEMPE
R3b	LxxLxL	859	0.999	GEFPV	LEELLI	YRCPK
R3b	LxxLxL	881	0.9985	ENVSS	LRRLRI	LKCPE
R3b	LxxLxL	903	0.9699	IQLSN	LKEFEV	ADAQL
R3b	LxxLxL	924	0.9985	EGMKQ	IVKLDI	TDCKS
R3b	LxxLxL	947	0.9981	ILPST	LKRIRI	AFCGE
R3b	LxxLxL	969	0.8152	MNAMF	LEKLSL	VKCDS
R3b	LxxLxL	986	0.9861	ELVPR	ARNLSV	RSCNN
R3b	LxxLxL	1006	0.9481	LIPTA	TERLSI	RDYDN
R3b	LxxLxL	1028	0.999	ARGTQ	MTSLNI	YDCKK
R3b	LxxLxL	1053	0.9998	ELLPS	LKKLVV	QACPE
R3b	LxxLxL	1076	0.9996	GLPFN	LQALSI	WNCKK
R3b	LxxLxL	1102	0.998	QRLPS	LIDLTI	YHDGS
R3b	LxxLxL	1128	0.9978	ELPCS	IRRLTI	SNLKT
R3b	LxxLxL	1150	0.9659	KSLTS	LEYLDA	RELPQ
R3b	LxxLxL	1173	0.9995	GLPFS	LSELIL	FSNHD
R3b	LxxLxL	1198	0.9998	QHLTW	LRRLEI	VGCPS
R3b	LxxLxL	1221	0.9999	GLPSS	LSELGI	WNCSN
R3b	LxxLxL	1244	0.9998	GMPPS	ISKLRI	SECPL
Rpi-amr3-3408	extEDVID	64	0.9919	LEEKI	RVVVSYAEDVVE	MKISQ
Rpi-amr3-3408	VG	148	0.9924	LEDDI	VQGID	DDLEI
Rpi-amr3-3408	P-loop	176	1.0	VVTIT	GMGGIGKTT	LARKA
Rpi-amr3-3408	RNSB-A	199	0.998	TIRYH	FDILAWITIS	QEFRC
Rpi-amr3-3408	Walker-B	255	0.9772	KKLKG	RRYLVVVD	DIWST
Rpi-amr3-3408	RNSB-B	285	0.9846	YNNGS	RILLTTR	ENEVA
Rpi-amr3-3408	RNSB-C	310	0.9994	HQMSL	LSLENGWRLL	CDKVF
Rpi-amr3-3408	RNSB-D	405	0.9875	NHLKP	CFLSMSSFP	EDFQV
Rpi-amr3-3408	GLPL	347	0.9998	VEKCQ	GLPLT	ISVIA
Rpi-amr3-3408	MHD	475	0.9965	IKACG	IHD	LLREF
Rpi-amr3-3408	LxxLxL	575	0.998	SRFNL	LRVLVI	SKTNE
Rpi-amr3-3408	LxxLxL	600	0.9927	TKLFH	LRYLQV	RFLGD
Rpi-amr3-3408	LxxLxL	621	0.9973	SKLQN	LQTLIC	SGGTL
Rpi-amr3-3408	LxxLxL	641	0.9997	WMMKN	LRYISI	IGNKV
Rpi-amr3-3408	LxxLxL	687	0.9977	SGILN	LKRLTI	DVPSS
Rpi-amr3-3408	LxxLxL	715	0.8304	SSLTK	LEAFKC	NSCIH
Rpi-amr3-3408	LxxLxL	746	0.9988	VFPTS	LKRLSL	NNYAS
Rpi-amr3-3408	LxxLxL	773	0.9995	IMLPN	LEELKL	KDCRS
Rpi-amr3-3408	LxxLxL	800	0.9972	DKFKS	LKLLVL	TDIFF
Rpi-amr3-3408	LxxLxL	823	0.9993	DNFPN	LKRLVL	NKCDL
Rpi-amr3-3408	LxxLxL	845	0.9986	GEICT	LESIEL	HDCST
Rpi-chc1.1	extEDVID	114	0.9975	WLNRL	ERVAEDAQNVFD	RFIYE
Rpi-chc1.1	VG	205	0.9924	VVASD	IVGRD	LDIAE
Rpi-chc1.1	P-loop	236	1.0	TIPIV	GMGGLGKTT	VAKRI
Rpi-chc1.1	RNSB-A	259	0.998	HMKQI	FEKRIWLCLP	EMSET
Rpi-chc1.1	Walker-B	308	0.9632	DELGG	KKYLLVLD	DLWCV
Rpi-chc1.1	RNSB-B	342	0.9846	TSRGN	CILVTTR	RKQVA
Rpi-chc1.1	RNSB-C	366	0.9994	HILGK	LTEDHCWSIF	KQKAF
Rpi-chc1.1	RNSB-D	462	0.9875	PHLKK	CFAYFAMFP	KDYMF
Rpi-chc1.1	GLPL	402	0.9999	VKMCQ	GLPLA	ASVLG
Rpi-chc1.1	MHD	532	0.9965	ITHCK	MHD	LVHDL
Rpi-chc1.1	LxxLxL	562	0.8817	EKLSQ	VRYFGC	ESPTD
Rpi-chc1.1	LxxLxL	583	0.9926	YEPER	LCTLFW	RSNYT
Rpi-chc1.1	LxxLxL	604	0.9989	LNFKF	LRVLDL	SSSGI
Rpi-chc1.1	LxxLxL	627	0.9996	GKLIY	LRYLDL	SNTEI
Rpi-chc1.1	LxxLxL	650	0.9987	CKLYN	LQTFRV	INCFS
Rpi-chc1.1	LxxLxL	674	0.9971	RNMIS	LRHIYY	TSVDE
Rpi-chc1.1	LxxLxL	765	0.9898	HDKPN	ICKLAY	LWSHD
Rpi-chc1.1	LxxLxL	797	0.9989	QPHPN	LKTLAV	VDYLG
Rpi-chc1.1	LxxLxL	822	0.9998	ESLPN	LVKLKL	SGSKR
Rpi-chc1.1	LxxLxL	845	0.9985	GQLKF	LRHLEL	IGFHE
Rpi-chc1.1	LxxLxL	883	0.9983	QVFPS	LKKLVL	KDMRS
Rpi-chc1.1	LxxLxL	910	0.9995	RMSPG	LEKLRI	TDCPL
Rpi-chc1.1	LxxLxL	931	0.9982	NQFEI	LRQLKI	TGVDS
Rpi-chc1.1	LxxLxL	955	0.9915	SNLTS	LVKLRV	YDMKE
Rpi-chc1.1	LxxLxL	980	0.9994	RNNVS	LQQIII	FNCGE
Rpi-chc1.1	LxxLxL	1004	0.9997	YNLHS	LRRLDI	YNCTN
Rpi-chc1.1	LxxLxL	1030	0.9995	NYLTS	LEFFCL	HNCNG
Rpi-chc1.1	LxxLxL	1054	0.9992	LDQCR	LVFLNV	SCCNN
Rpi-chc1.1	LxxLxL	1078	0.9993	WEMPS	LSYLLI	SECPK
Rpi-chc1.1	LxxLxL	1103	0.9925	HHLTG	LVRLGI	GPFSE
Rpi-chc1.1	LxxLxL	1133	0.9986	QQLLS	LRDLEV	YGRGH
Rpi-chc1.1	LxxLxL	1157	0.9989	MQLSD	LREITI	ADFGI
Rpi-chc1.1	LxxLxL	1180	0.9992	DNLTS	LESLTL	VRCKQ
Rpi-chc1.1	LxxLxL	1203	0.9995	DAMPK	LRLLWI	RDCPL
Rpi-chc1.1	LxxLxL	1227	0.9996	GNLVS	LEELYL	HDCEK
Rpi-chc1.1	LxxLxL	1253	0.9987	RRLTK	LWNMRI	KGCPK
Rpi-chc1.1	LxxLxL	1280	0.9559	SKISH	ISNIEL	GGWRR
RPP39	extEDVID	77	0.9916	WLDRV	NSIDIECKDLLS	VSPVE
RPP39	VG	153	0.9924	RPTQP	TIGQE	EMLEK
RPP39	P-loop	179	1.0	IMGLH	GMGGVGKTT	LFKKI
RPP39	RNSB-A	203	0.998	EIGGT	FDIVIWIVVS	QSAKL
RPP39	Walker-B	254	0.9774	RVLKG	KRFVLMLD	DMWEK
RPP39	RNSB-B	284	0.9846	EVNKC	KVAFTTR	DQKVC
RPP39	RNSB-C	309	0.9994	MQVKC	LKPEDAWELF	KNKVG
RPP39	RNSB-D	407	0.9875	EHIKS	CFLYCALFP	EDYFI
RPP39	GLPL	346	0.9999	AQKCR	GLPLA	LNVIG
RPP39	MHD	471	0.9965	IYHCV	MHD	VVREM
RPP39	LxxLxL	513	0.9942	KDWGA	VRRMSL	MNNHI
RPP39	LxxLxL	535	0.9992	SNCSE	LTTLFL	QGNQL
RPP39	LxxLxL	559	0.9996	RYMQK	LVVLDL	HGNLD
RPP39	LxxLxL	583	0.9998	SGLVS	LQFLDL	SSTRI
RPP39	LxxLxL	606	0.9995	KELKK	LTLLNL	AFTKR
RPP39	LxxLxL	629	0.9982	SRLLS	LRLLSL	LWSKV
RPP39	LxxLxL	655	0.9958	QQLEN	LQDLRI	TVSAE
RPP39	LxxLxL	701	0.9234	ASMEN	LSSLLV	KNSYF
RPP39	LxxLxL	738	0.9989	PCFTN	LSRLDI	MNCHS
RPP39	LxxLxL	761	0.9992	LFAPN	LVQLVI	EDSRE
RPP39	LxxLxL	790	0.9992	TPFQK	LKHLFL	HNLPK
RPP39	LxxLxL	814	0.9971	LPFPL	LLTMDV	SKCPK
RPP39	LxxLxL	838	0.9868	TSVPL	VEEFQI	RMDPP
Sr13d	extEDVID	73	0.9977	WMNEV	RELSYDMEDAID	DFMQS
Sr13d	VG	169	0.9924	EHASK	LVGID	EPKAE
Sr13d	P-loop	203	1.0	MVSIV	GSGGMGKTT	LANQV
Sr13d	RNSB-A	224	0.9981	ELKEK	FKCKAFISVS	RNPDM
Sr13d	Walker-B	276	0.976	DYLAE	KRYIIVID	DIWDV
Sr13d	RNSB-B	306	0.9846	TRCGG	VIITTTR	LSDVA
Sr13d	RNSB-C	334	0.9994	YNIRP	LNMEHSRQLF	HRRLF
Sr13d	RNSB-D	431	0.9875	PHLKT	CLLYLSIFP	EDSII
Sr13d	GLPL	371	0.9999	LEKCD	GLPLA	IIAIA
Sr13d	MHD	79	0.8458	ELSYD	MED	AIDDF
Sr13d	MHD	499	0.9965	GKSCR	VHD	IILDF
Sr13d	LxxLxL	533	0.9526	VTQGK	VRRLSM	QVEGK
Sr13d	LxxLxL	557	0.9921	PILSH	VRSFNV	FRNRV
Sr13d	LxxLxL	578	0.9985	MEFRH	LRVVDF	NDSLL
Sr13d	LxxLxL	602	0.9995	GRLLQ	LRYLSI	YMTAV
Sr13d	LxxLxL	625	0.9996	GHLQC	LEMLDI	RYTMV
Sr13d	LxxLxL	648	0.9995	VNLGK	LAHLLL	GSEDT
Sr13d	LxxLxL	697	0.9993	GRLKN	LRKLHI	DYHDV
Sr13d	LxxLxL	727	0.96	LCTQN	LCSLTM	RGNDD
Sr13d	LxxLxL	753	0.9996	SPPLN	LRKLVI	WGCIF
Sr13d	LxxLxL	776	0.999	GSLVN	LQKLRL	HVGKE
Sr13d	LxxLxL	801	0.999	GALPA	LLTLGL	KGMQK
Sr13d	LxxLxL	831	0.962	AGFRC	LRKFKY	WRWGD
Sr13d	LxxLxL	855	0.9993	KCMPK	LEKLKI	IFYRH
