Sequence	Length	Extracellular_Length	LRR_Length	Type	Classification	Signal_peptide
Soltu.DM.02G020600.1	724	307	117	RLK	LRR	True
Soltu.DM.04G029480.1	1037	689	554	RLK	LRR	True
Soltu.DM.10G022760.1	1013	651	538	RLK	LRR	True
Soltu.DM.04G021420.1	317	238	0	RLP		True
Soltu.DM.02G015740.1	682	308	166	RLK	LRR	False
Soltu.DM.02G032730.1	503	241	0	RLP		True
Soltu.DM.04G037890.1	612	433	0	RLP		True
Soltu.DM.07G027700.1	1083	699	576	RLK	LRR	True
Soltu.DM.04G037440.1	526	475	376	RLP	LRR	False
Soltu.DM.02G021370.2	575	156	0	RLP		False
Soltu.DM.01G038200.1	289	262	0	RLP		False
Soltu.DM.05G022250.1	278	186	0	RLP		True
Soltu.DM.03G022660.1	317	262	0	RLP	WAK	True
Soltu.DM.06G001670.1	734	672	532	RLP	LRR	True
Soltu.DM.02G011150.1	550	201	0	RLK	C-LecRLK	True
Soltu.DM.11G010060.1	319	136	0	RLP		False
Soltu.DM.03G019720.2	167	128	0	RLP		True
Soltu.DM.07G028160.1	1192	805	466	RLK	LRR	True
Soltu.DM.04G001270.1	620	235	0	RLK		True
Soltu.DM.05G020980.2	191	133	0	RLP		True
Soltu.DM.08G027560.1	658	289	97	RLK	LRR	True
Soltu.DM.09G012800.3	653	279	118	RLK	LRR	True
Soltu.DM.02G021840.2	304	106	0	RLP		False
Soltu.DM.03G024900.1	501	263	0	RLK	CRK	False
Soltu.DM.02G001170.1	667	277	0	RLK	G-LecRLK	False
Soltu.DM.08G024950.1	199	99	0	RLP		False
Soltu.DM.09G012910.2	951	556	216	RLK	LRR	True
Soltu.DM.02G029730.1	155	125	0	RLP		False
Soltu.DM.01G048540.1	942	487	218	RLK	LRR	True
Soltu.DM.08G029040.1	392	246	0	RLP	WAK	True
Soltu.DM.11G009070.1	222	59	0	RLP		False
Soltu.DM.02G011150.2	551	202	0	RLK	C-LecRLK	True
Soltu.DM.02G019700.1	348	266	0	RLP	CRK	True
Soltu.DM.08G018810.1	445	394	0	RLP		True
Soltu.DM.05G027080.1	642	254	97	RLK	LRR	True
Soltu.DM.02G030250.2	664	279	0	RLK		True
Soltu.DM.05G009330.1	649	257	0	RLK	CRK	True
Soltu.DM.11G025170.1	765	352	0	RLK	WAK	True
Soltu.DM.05G013970.1	641	257	0	RLK	CRK	True
Soltu.DM.04G022960.1	547	437	0	RLP	CrRLK1L	True
Soltu.DM.02G021080.1	289	213	0	RLP	WAK	False
Soltu.DM.02G034510.2	192	159	0	RLP		True
Soltu.DM.01G048830.1	415	66	0	RLP		False
Soltu.DM.02G015020.1	666	275	0	RLK	CrRLK1L	False
Soltu.DM.11G013320.4	235	170	0	RLP	LysM	False
Soltu.DM.02G017310.1	625	548	0	RLP	CrRLK1L	True
Soltu.DM.04G037840.2	753	221	0	RLK		False
Soltu.DM.04G029790.1	323	220	0	RLP		True
Soltu.DM.03G024920.1	679	279	0	RLK	CRK	True
Soltu.DM.03G024930.1	462	117	0	RLK	CRK	False
Soltu.DM.12G011910.1	644	257	0	RLK	WAK	True
Soltu.DM.12G022690.2	966	546	191	RLK	CrRLK1L;LRR	False
Soltu.DM.08G014550.2	679	333	191	RLK	LRR	True
Soltu.DM.02G008870.1	617	244	0	RLK		True
Soltu.DM.09G018760.1	785	285	0	RLK		True
Soltu.DM.03G029730.1	1093	720	383	RLK	LRR	True
Soltu.DM.04G020320.1	186	116	0	RLP		False
Soltu.DM.07G005910.1	418	269	160	RLP	LRR	False
Soltu.DM.01G005080.1	584	214	0	RLK	WAK	True
Soltu.DM.09G009840.1	466	428	0	RLP		True
Soltu.DM.03G001460.3	1029	790	681	RLK	LRR	False
Soltu.DM.10G018410.1	316	243	0	RLP		True
Soltu.DM.04G001270.3	423	125	0	RLK		False
Soltu.DM.01G025040.1	186	165	0	RLP		False
Soltu.DM.02G011090.1	688	290	0	RLK	L-LecRLK	True
Soltu.DM.05G001180.1	315	221	0	RLP		False
Soltu.DM.04G008450.1	1129	787	660	RLK	LRR	True
Soltu.DM.06G001890.1	212	149	0	RLP		False
Soltu.DM.04G029550.1	862	785	650	RLP	LRR	True
Soltu.DM.08G021780.1	722	357	0	RLK	G-LecRLK	True
Soltu.DM.12G008730.2	706	283	119	RLK	LRR	True
Soltu.DM.01G038250.1	762	692	502	RLP	LRR	True
Soltu.DM.07G003140.1	524	136	0	RLK		True
Soltu.DM.04G001270.2	586	200	0	RLK		False
Soltu.DM.01G031680.3	297	271	0	RLP	CRK	True
Soltu.DM.02G032710.1	392	71	0	RLP		False
Soltu.DM.07G004840.2	434	391	0	RLP		True
Soltu.DM.06G021720.3	700	279	141	RLK	LRR	True
Soltu.DM.07G025020.1	698	433	0	RLK	G-LecRLK	True
Soltu.DM.02G019130.3	683	436	0	RLK	G-LecRLK	True
Soltu.DM.04G002530.2	516	477	0	RLP		True
Soltu.DM.07G018550.1	552	351	0	RLP	G-LecRLK	False
Soltu.DM.09G017920.2	695	316	94	RLK	CrRLK1L;LRR	False
Soltu.DM.06G024590.1	534	464	0	RLP		True
Soltu.DM.01G025010.1	731	314	0	RLK		True
Soltu.DM.04G032000.1	662	435	0	RLK	G-LecRLK	True
Soltu.DM.03G001910.1	995	624	507	RLK	LRR	True
Soltu.DM.10G016480.1	861	475	215	RLK	LRR	False
Soltu.DM.04G031990.2	746	442	0	RLK	G-LecRLK	True
Soltu.DM.01G004110.1	244	164	0	RLP		False
Soltu.DM.12G026640.1	463	439	401	RLP	LRR	False
Soltu.DM.09G001590.1	806	458	0	RLK	G-LecRLK	True
Soltu.DM.05G003430.2	641	266	0	RLK		True
Soltu.DM.12G007970.1	671	297	118	RLK	LRR	True
Soltu.DM.04G014700.2	298	256	0	RLP		True
Soltu.DM.09G006520.2	1056	1017	0	RLP		True
Soltu.DM.05G011990.2	207	119	0	RLP		False
Soltu.DM.09G014180.2	705	373	120	RLK	LRR	False
Soltu.DM.04G009410.1	457	257	172	RLK	LRR	False
Soltu.DM.10G019430.1	1443	1384	1147	RLP	LRR	False
Soltu.DM.08G002780.1	443	392	0	RLP		True
Soltu.DM.10G002220.1	839	413	0	RLK	CrRLK1L	True
Soltu.DM.04G009940.1	1016	673	588	RLK	LRR	False
Soltu.DM.07G000020.2	876	648	506	RLK	LRR	True
Soltu.DM.03G037560.1	1201	832	420	RLK	LRR	False
Soltu.DM.03G001940.1	624	544	0	RLP	CrRLK1L	True
Soltu.DM.12G011400.1	259	204	0	RLP		False
Soltu.DM.03G011680.1	793	450	0	RLK	G-LecRLK	True
Soltu.DM.06G013570.1	860	472	0	RLK	G-LecRLK	True
Soltu.DM.03G022970.1	625	248	120	RLK	LRR	True
Soltu.DM.07G019770.1	921	888	591	RLP	LRR	True
Soltu.DM.02G027100.1	1017	636	506	RLK	LRR	True
Soltu.DM.04G020160.1	597	233	0	RLK	SPARK	True
Soltu.DM.02G010760.2	649	391	213	RLK	LRR	True
Soltu.DM.04G025260.1	843	234	0	RLP		False
Soltu.DM.04G029340.1	1037	695	529	RLK	LRR	True
Soltu.DM.12G011920.1	258	255	0	RLP	WAK	True
Soltu.DM.02G010760.3	649	391	213	RLK	LRR	True
Soltu.DM.01G004330.1	280	228	130	RLP	LRR	False
Soltu.DM.03G001640.1	906	742	633	RLK	LRR	True
Soltu.DM.06G009760.1	188	59	0	RLP		False
Soltu.DM.01G039570.1	293	235	0	RLP		True
Soltu.DM.04G016380.1	230	181	0	RLP		False
Soltu.DM.01G019750.1	768	436	0	RLK	CrRLK1L	True
Soltu.DM.02G019150.1	843	440	0	RLK	G-LecRLK	True
Soltu.DM.04G009780.1	443	249	164	RLP	LRR	False
Soltu.DM.02G013860.1	1945	1851	0	RLP		True
Soltu.DM.01G003440.2	645	254	0	RLK	CRK	True
Soltu.DM.11G009050.1	219	57	0	RLP		False
Soltu.DM.12G022690.3	675	255	0	RLK	CrRLK1L	False
Soltu.DM.03G001460.1	1035	696	633	RLK	LRR	False
Soltu.DM.05G003540.1	527	173	0	RLK		True
Soltu.DM.07G023460.2	479	233	0	RLP		True
Soltu.DM.07G027440.2	243	208	0	RLP		True
Soltu.DM.09G031500.1	1011	648	485	RLK	LRR	True
Soltu.DM.02G019240.1	822	425	0	RLK	G-LecRLK	True
Soltu.DM.10G015120.1	124	96	0	RLP		False
Soltu.DM.09G018950.1	975	647	505	RLK	LRR	True
Soltu.DM.07G021290.1	515	140	0	RLK	G-LecRLK	False
Soltu.DM.05G003770.4	662	251	0	RLK		True
Soltu.DM.01G029970.1	366	54	0	RLP		False
Soltu.DM.09G022580.1	635	220	0	RLK	SPARK	True
Soltu.DM.08G025900.1	685	312	145	RLK	LRR	True
Soltu.DM.08G028980.1	395	299	0	RLP		True
Soltu.DM.11G025150.1	411	213	0	RLP		False
Soltu.DM.07G018610.2	594	302	0	RLK	G-LecRLK	False
Soltu.DM.03G031350.1	446	71	0	RLK		True
Soltu.DM.02G034510.3	173	155	0	RLP		True
Soltu.DM.06G030340.1	318	193	0	RLP		False
Soltu.DM.04G026300.1	549	293	0	RLK	L-LecRLK	True
Soltu.DM.05G021750.2	200	90	0	RLP		False
Soltu.DM.02G015030.1	997	605	216	RLK	CrRLK1L;LRR	True
Soltu.DM.04G031690.1	984	608	481	RLK	LRR	True
Soltu.DM.05G003450.2	634	252	0	RLK		True
Soltu.DM.04G009050.1	447	403	316	RLP	LRR	False
Soltu.DM.03G015760.2	696	305	145	RLK	LRR	True
Soltu.DM.10G013070.1	586	174	0	RLK	L-LecRLK	False
Soltu.DM.11G003160.4	470	426	0	RLP		False
Soltu.DM.02G021840.1	389	106	0	RLP		False
Soltu.DM.12G024700.1	797	407	0	RLK	G-LecRLK	True
Soltu.DM.02G006620.1	643	181	0	RLK		False
Soltu.DM.01G007020.1	298	243	0	RLP		False
Soltu.DM.03G035800.1	678	253	0	RLK		True
Soltu.DM.04G009030.1	732	389	317	RLK	LRR	False
Soltu.DM.07G021600.1	835	462	0	RLK	G-LecRLK	True
Soltu.DM.01G004470.1	441	388	154	RLP	LRR	False
Soltu.DM.02G011720.1	808	568	483	RLP	LRR	False
Soltu.DM.06G012020.1	592	246	118	RLK	LRR	True
Soltu.DM.02G019250.3	781	415	0	RLK	G-LecRLK	True
Soltu.DM.09G001730.1	387	90	0	RLK		False
Soltu.DM.03G005000.1	647	266	0	RLK	L-LecRLK	True
Soltu.DM.06G019380.1	223	88	0	RLP		False
Soltu.DM.08G016760.1	518	459	218	RLP	LRR	False
Soltu.DM.06G001620.1	420	333	215	RLP	LRR	True
Soltu.DM.01G004690.1	373	250	0	RLP	WAK	True
Soltu.DM.10G018500.1	873	482	219	RLK	LRR	False
Soltu.DM.02G011770.1	873	633	559	RLP	LRR	False
Soltu.DM.05G003470.1	641	266	0	RLK		True
Soltu.DM.02G029910.1	641	273	0	RLK		True
Soltu.DM.09G007920.1	280	101	0	RLP		False
Soltu.DM.11G023060.1	140	101	0	RLP		True
Soltu.DM.12G011380.1	463	426	0	RLP		True
Soltu.DM.03G023130.1	647	480	0	RLP	G-LecRLK	True
Soltu.DM.05G008040.1	401	207	0	RLP		True
Soltu.DM.05G002590.1	632	558	0	RLP	CrRLK1L	True
Soltu.DM.05G003560.1	624	249	0	RLK		True
Soltu.DM.10G025930.1	785	389	213	RLK	LRR	True
Soltu.DM.01G004780.1	583	214	0	RLK	WAK	True
Soltu.DM.05G007060.1	800	90	0	RLP		False
Soltu.DM.02G029900.1	616	263	0	RLK	LysM	True
Soltu.DM.01G007770.1	739	305	0	RLK		False
Soltu.DM.04G009770.1	632	520	451	RLP	LRR	False
Soltu.DM.09G018390.1	663	294	148	RLK	LRR	True
Soltu.DM.07G025400.1	880	189	0	RLP		True
Soltu.DM.11G020950.1	238	51	0	RLP		False
Soltu.DM.07G025080.2	473	438	0	RLP	G-LecRLK	True
Soltu.DM.05G003800.1	680	264	0	RLK	WAK	True
Soltu.DM.02G010760.1	769	391	213	RLK	LRR	True
Soltu.DM.06G003570.1	1017	743	608	RLK	LRR	True
Soltu.DM.02G018140.1	622	341	0	RLP	G-LecRLK	True
Soltu.DM.02G013960.1	1086	809	675	RLK	LRR	True
Soltu.DM.05G023430.1	129	100	0	RLP		False
Soltu.DM.01G004060.1	380	353	268	RLP	LRR	False
Soltu.DM.10G006290.1	817	445	368	RLK	LRR	False
Soltu.DM.05G020020.3	408	73	0	RLP		False
Soltu.DM.01G049430.2	669	418	168	RLK	LRR	True
Soltu.DM.09G007110.1	174	114	0	RLP		False
Soltu.DM.11G013150.1	104	50	0	RLP		True
Soltu.DM.09G000280.1	769	362	0	RLK	WAK	True
Soltu.DM.07G026940.1	568	198	0	RLK		True
Soltu.DM.03G016760.1	205	182	0	RLP		False
Soltu.DM.06G001920.1	484	433	314	RLP	LRR	True
Soltu.DM.07G006660.1	186	158	0	RLP		False
Soltu.DM.08G020470.1	1007	660	531	RLK	LRR	True
Soltu.DM.01G042970.3	2309	244	0	RLK	SPARK	True
Soltu.DM.11G001650.2	579	545	0	RLP		False
Soltu.DM.12G002550.1	921	479	217	RLK	LRR	True
Soltu.DM.04G002270.1	521	112	0	RLK	WAK	False
Soltu.DM.01G029270.1	306	57	0	RLP		False
Soltu.DM.02G006500.1	640	281	0	RLP		False
Soltu.DM.01G036120.2	729	393	213	RLK	LRR	True
Soltu.DM.12G000840.1	611	548	471	RLP	LRR	False
Soltu.DM.04G003330.1	286	255	0	RLP	CRK	True
Soltu.DM.02G014910.1	819	570	215	RLP	CrRLK1L;LRR	True
Soltu.DM.02G001690.1	1188	437	0	RLK	CrRLK1L	True
Soltu.DM.03G007240.2	536	50	0	RLP		False
Soltu.DM.01G044850.2	356	80	0	RLP		False
Soltu.DM.12G026780.1	617	563	400	RLP	LRR	False
Soltu.DM.07G018750.1	820	435	0	RLK	G-LecRLK	True
Soltu.DM.02G015010.2	678	284	0	RLK	CrRLK1L	False
Soltu.DM.04G031280.1	469	60	0	RLP		False
Soltu.DM.02G001220.1	766	370	0	RLK	G-LecRLK	False
Soltu.DM.10G015740.1	781	313	143	RLK	LRR	True
Soltu.DM.02G022440.1	537	191	0	RLK		False
Soltu.DM.02G028200.1	768	327	163	RLK	LRR	True
Soltu.DM.04G029600.1	1218	872	649	RLK	LRR	False
Soltu.DM.01G043170.1	211	177	0	RLP		True
Soltu.DM.06G012350.1	148	74	0	RLP		False
Soltu.DM.03G008650.1	818	406	0	RLK	CrRLK1L	True
Soltu.DM.05G022610.1	794	383	0	RLK	CR-like	True
Soltu.DM.06G001820.1	414	342	194	RLP	LRR	True
Soltu.DM.01G003670.1	1013	653	388	RLK	LRR	True
Soltu.DM.11G008380.1	782	432	0	RLK	G-LecRLK	True
Soltu.DM.07G001090.2	963	907	754	RLP	LRR	True
Soltu.DM.11G026360.1	590	517	0	RLP	CrRLK1L	True
Soltu.DM.11G002600.1	283	253	0	RLP	CRK	True
Soltu.DM.02G015660.1	231	181	120	RLP	LRR	False
Soltu.DM.04G026080.1	1053	673	555	RLK	LRR	False
Soltu.DM.07G021210.1	825	452	0	RLK	G-LecRLK	True
Soltu.DM.01G044840.1	287	76	0	RLP		False
Soltu.DM.09G008970.1	673	290	0	RLK	L-LecRLK	True
Soltu.DM.05G006290.1	743	355	168	RLK	LRR	True
Soltu.DM.05G011990.1	207	119	0	RLP		False
Soltu.DM.07G026430.2	117	71	0	RLP		False
Soltu.DM.02G017020.1	1000	628	505	RLK	LRR	True
Soltu.DM.02G015670.1	809	469	389	RLK	LRR	False
Soltu.DM.05G003880.1	714	317	147	RLK	LRR	True
Soltu.DM.06G017310.1	170	54	0	RLP		False
Soltu.DM.06G024840.2	648	250	96	RLK	LRR	True
Soltu.DM.04G024250.1	1048	695	554	RLK	LRR	True
Soltu.DM.12G026050.1	119	86	0	RLP		False
Soltu.DM.01G009990.1	216	183	0	RLP		True
Soltu.DM.12G009260.1	554	499	218	RLP	LRR	True
Soltu.DM.11G022550.2	685	54	0	RLP		False
Soltu.DM.04G004040.2	791	411	0	RLK	G-LecRLK	True
Soltu.DM.01G045800.1	981	610	480	RLK	LRR	True
Soltu.DM.04G019530.1	936	557	482	RLK	LRR	False
Soltu.DM.03G022640.1	373	240	0	RLP	WAK	True
Soltu.DM.05G025750.1	997	948	664	RLP	LRR	False
Soltu.DM.03G003170.1	676	285	0	RLK	L-LecRLK	True
Soltu.DM.01G004730.1	597	229	0	RLK	WAK	True
Soltu.DM.06G009380.1	789	376	0	RLK	CR-like	True
Soltu.DM.04G029180.1	192	140	0	RLP		False
Soltu.DM.02G001220.2	771	370	0	RLK	G-LecRLK	False
Soltu.DM.04G037840.1	904	372	0	RLK		True
Soltu.DM.02G012460.1	228	154	0	RLP		False
Soltu.DM.07G005420.1	959	768	646	RLP	LRR	True
Soltu.DM.09G001870.1	564	284	0	RLK	L-LecRLK	True
Soltu.DM.12G025460.1	1008	624	455	RLK	LRR	True
Soltu.DM.12G005370.1	888	429	196	RLK	LRR	True
Soltu.DM.01G033930.4	244	80	0	RLP		False
Soltu.DM.01G001250.1	671	619	361	RLP	LRR	False
Soltu.DM.04G000590.1	649	609	0	RLP		True
Soltu.DM.03G021750.1	1072	780	654	RLK	LRR	True
Soltu.DM.03G005470.1	881	115	0	RLP		True
Soltu.DM.12G007420.1	990	713	554	RLK	LRR	True
Soltu.DM.12G003860.2	549	515	0	RLP		False
Soltu.DM.05G003800.2	678	263	0	RLK	WAK	True
Soltu.DM.03G002510.1	1714	216	502	RLP		False
Soltu.DM.02G015420.1	394	368	190	RLP	LRR	True
Soltu.DM.05G004450.1	817	776	648	RLP	LRR	False
Soltu.DM.01G007600.1	663	611	526	RLP	LRR	False
Soltu.DM.04G010480.1	880	447	0	RLK	G-LecRLK	True
Soltu.DM.03G009770.2	759	431	0	RLK	G-LecRLK	True
Soltu.DM.09G025150.1	218	182	0	RLP		True
Soltu.DM.06G024620.1	458	421	0	RLP		True
Soltu.DM.03G037220.1	157	125	0	RLP		True
Soltu.DM.01G004820.1	598	230	0	RLK	WAK	True
Soltu.DM.03G022670.3	312	264	0	RLP	WAK	True
Soltu.DM.06G004610.1	829	405	0	RLK	CrRLK1L	True
Soltu.DM.12G000120.1	814	749	670	RLP	LRR	False
Soltu.DM.01G044200.1	511	153	0	RLK		False
Soltu.DM.01G027170.1	1029	968	843	RLP	LRR	True
Soltu.DM.03G013610.3	635	258	118	RLK	LRR	True
Soltu.DM.09G004460.1	676	272	96	RLK	LRR	True
Soltu.DM.07G004840.3	442	391	0	RLP		False
Soltu.DM.01G031680.1	263	237	0	RLP	CRK	True
Soltu.DM.06G029460.1	978	534	172	RLK	LRR	True
Soltu.DM.01G026030.1	775	388	213	RLK	LRR	True
Soltu.DM.05G008050.3	504	242	0	RLP		True
Soltu.DM.06G013570.2	778	472	0	RLK	G-LecRLK	True
Soltu.DM.03G007240.6	536	50	0	RLP		False
Soltu.DM.11G017240.1	574	517	0	RLP		False
Soltu.DM.04G002250.1	621	246	0	RLK	WAK	True
Soltu.DM.03G002540.1	530	303	0	RLP	G-LecRLK	False
Soltu.DM.02G003500.1	945	756	611	RLP	LRR	True
Soltu.DM.11G023080.2	190	160	0	RLP		True
Soltu.DM.07G021640.1	840	466	0	RLK	G-LecRLK	True
Soltu.DM.01G043170.2	172	136	0	RLP		False
Soltu.DM.04G022320.1	157	58	0	RLP		False
Soltu.DM.07G000020.1	963	648	506	RLK	LRR	True
Soltu.DM.11G001180.1	639	264	0	RLK	CRK	True
Soltu.DM.06G001440.1	439	399	231	RLP	LRR	True
Soltu.DM.09G001600.1	806	458	0	RLK	G-LecRLK	True
Soltu.DM.12G026770.1	814	759	384	RLP	LRR	False
Soltu.DM.04G036750.1	982	640	506	RLK	LRR	True
Soltu.DM.07G018250.2	218	87	0	RLP		False
Soltu.DM.03G001710.1	870	532	464	RLK	LRR	False
Soltu.DM.05G022480.4	235	160	0	RLP		False
Soltu.DM.05G027080.4	616	228	97	RLK	LRR	True
Soltu.DM.05G003780.1	672	261	0	RLK	WAK	True
Soltu.DM.03G012760.1	461	66	0	RLP		False
Soltu.DM.09G006520.1	579	539	0	RLP		False
Soltu.DM.04G002530.1	512	476	0	RLP		True
Soltu.DM.06G020150.1	441	163	0	RLP		True
Soltu.DM.04G027350.1	828	465	385	RLK	LRR	False
Soltu.DM.11G003680.1	604	215	0	RLK		True
Soltu.DM.06G010350.1	857	477	271	RLK	LRR	True
Soltu.DM.04G020510.1	125	70	0	RLP		False
Soltu.DM.07G016890.1	487	51	0	RLP		False
Soltu.DM.05G003450.1	618	235	0	RLK		True
Soltu.DM.05G006890.1	676	284	98	RLK	LRR	False
Soltu.DM.04G020740.1	746	709	550	RLP	LRR	True
Soltu.DM.10G020070.1	120	86	0	RLP		False
Soltu.DM.11G016230.1	162	103	0	RLP		False
Soltu.DM.09G004690.1	630	274	0	RLK	WAK	True
Soltu.DM.05G020970.1	281	251	0	RLP	CRK	True
Soltu.DM.04G009810.1	295	262	0	RLP		True
Soltu.DM.09G009180.1	714	358	0	RLK	WAK	True
Soltu.DM.12G006670.1	582	196	0	RLK	CRK	False
Soltu.DM.04G009630.1	649	448	372	RLK	LRR	False
Soltu.DM.02G030050.1	682	250	0	RLK		False
Soltu.DM.07G021830.1	986	927	787	RLP	LRR	True
Soltu.DM.10G019460.1	723	359	0	RLK	WAK	True
Soltu.DM.11G008450.1	713	366	0	RLK	G-LecRLK	False
Soltu.DM.04G025260.2	843	234	0	RLP		False
Soltu.DM.07G022850.1	277	163	0	RLP		False
Soltu.DM.05G003430.1	634	266	0	RLK		True
Soltu.DM.06G003590.1	1131	971	802	RLP	LRR	True
Soltu.DM.03G017120.1	1272	910	782	RLK	LRR	True
Soltu.DM.02G019680.1	330	212	0	RLP	CRK	True
Soltu.DM.02G011780.1	963	621	489	RLK	LRR	True
Soltu.DM.10G013130.1	251	226	0	RLP	L-LecRLK	True
Soltu.DM.07G021660.1	832	463	0	RLK	G-LecRLK	True
Soltu.DM.05G004640.1	758	359	0	RLK	G-LecRLK	False
Soltu.DM.01G041460.1	932	592	273	RLK	LRR	False
Soltu.DM.03G011690.1	774	428	0	RLK	G-LecRLK	True
Soltu.DM.10G013650.1	412	90	0	RLK		False
Soltu.DM.06G003250.1	1076	735	608	RLK	LRR	True
Soltu.DM.03G035210.2	148	117	0	RLP		False
Soltu.DM.03G024890.1	333	278	0	RLP	CRK	True
Soltu.DM.04G009760.1	327	179	97	RLP	LRR	False
Soltu.DM.03G006010.3	1266	877	0	RLP		False
Soltu.DM.01G004140.1	282	223	125	RLP	LRR	False
Soltu.DM.03G021330.1	663	317	0	RLK	L-LecRLK	True
Soltu.DM.02G032730.3	504	242	0	RLP		True
Soltu.DM.08G018810.2	445	394	0	RLP		True
Soltu.DM.02G026890.1	818	477	0	RLK	CrRLK1L	True
Soltu.DM.09G000260.1	781	360	0	RLK	WAK	True
Soltu.DM.03G003760.1	1122	755	629	RLK	LRR	True
Soltu.DM.02G018160.2	743	300	141	RLK	LRR	True
Soltu.DM.06G003580.1	975	706	608	RLP	LRR	True
Soltu.DM.12G008730.1	629	205	95	RLK	LRR	False
Soltu.DM.09G004180.1	501	438	0	RLP	G-LecRLK	True
Soltu.DM.12G026650.1	1242	372	904	RLP	LRR	False
Soltu.DM.01G042620.1	500	173	0	RLP		False
Soltu.DM.01G006700.1	871	822	224	RLP	LRR	False
Soltu.DM.06G003410.1	271	229	144	RLP	LRR	False
Soltu.DM.07G024780.1	835	408	0	RLK	CrRLK1L	True
Soltu.DM.10G013090.2	699	292	0	RLK	L-LecRLK	True
Soltu.DM.02G011800.1	847	647	532	RLP	LRR	True
Soltu.DM.07G000630.1	371	153	0	RLP		False
Soltu.DM.02G016830.1	169	76	0	RLP		False
Soltu.DM.11G013100.1	185	154	0	RLP		False
Soltu.DM.02G021140.1	364	275	0	RLP	WAK	True
Soltu.DM.05G003650.1	640	258	0	RLK		True
Soltu.DM.12G000880.1	451	389	243	RLP	LRR	False
Soltu.DM.09G009250.1	543	418	0	RLP	WAK	False
Soltu.DM.05G003770.2	582	170	0	RLK		False
Soltu.DM.04G004040.1	822	442	0	RLK	G-LecRLK	True
Soltu.DM.09G000840.1	666	281	0	RLK	L-LecRLK	True
Soltu.DM.03G022670.2	323	264	0	RLP	WAK	True
Soltu.DM.06G020220.1	977	616	480	RLK	LRR	True
Soltu.DM.01G003490.1	654	264	0	RLK	CRK	True
Soltu.DM.04G000800.1	214	180	0	RLP		True
Soltu.DM.05G022250.3	191	98	0	RLP		False
Soltu.DM.02G020560.1	859	466	0	RLK		False
Soltu.DM.09G028230.1	265	237	0	RLP		False
Soltu.DM.01G038640.1	960	900	752	RLP	LRR	True
Soltu.DM.05G008040.2	276	80	0	RLP		False
Soltu.DM.02G022440.6	676	330	0	RLK		True
Soltu.DM.01G006530.1	199	153	0	RLP		False
Soltu.DM.01G003450.1	620	230	0	RLK	CRK	True
Soltu.DM.10G001740.2	920	226	0	RLP		False
Soltu.DM.01G001280.1	402	344	164	RLP	LRR	False
Soltu.DM.08G020480.2	766	404	323	RLK	LRR	False
Soltu.DM.08G029460.1	956	394	0	RLP		False
Soltu.DM.10G017360.1	701	290	0	RLK	L-LecRLK	True
Soltu.DM.02G027120.1	989	628	482	RLK	LRR	True
Soltu.DM.07G021630.1	846	473	0	RLK	G-LecRLK	True
Soltu.DM.07G025050.1	810	435	0	RLK	G-LecRLK	True
Soltu.DM.05G001850.2	621	237	0	RLK		True
Soltu.DM.09G018420.1	997	716	554	RLP	LRR	True
Soltu.DM.03G025660.1	207	174	0	RLP		True
Soltu.DM.04G031990.3	661	442	0	RLK	G-LecRLK	True
Soltu.DM.10G018590.1	624	566	0	RLP		True
Soltu.DM.02G027760.1	886	107	0	RLP		True
Soltu.DM.08G020490.1	1150	917	660	RLP	LRR	False
Soltu.DM.01G033990.1	474	420	0	RLP	CrRLK1L	True
Soltu.DM.07G002340.2	518	345	0	RLK	WAK	True
Soltu.DM.01G004930.2	460	209	0	RLK	WAK	False
Soltu.DM.05G021590.1	697	327	240	RLK	LRR	False
Soltu.DM.06G019410.1	223	88	0	RLP		False
Soltu.DM.09G028140.1	1109	748	601	RLK	LRR	True
Soltu.DM.03G022810.1	584	75	0	RLP		False
Soltu.DM.05G006880.1	224	180	0	RLP		True
Soltu.DM.07G003140.4	524	136	0	RLK		True
Soltu.DM.05G022350.1	266	259	0	RLP	WAK	True
Soltu.DM.08G010220.1	145	92	0	RLP		False
Soltu.DM.01G004380.1	232	190	0	RLP		False
Soltu.DM.10G023690.1	318	259	0	RLP		False
Soltu.DM.12G024990.1	697	174	0	RLK		False
Soltu.DM.05G023040.1	690	287	0	RLK	L-LecRLK	True
Soltu.DM.09G015150.2	727	109	0	RLP		False
Soltu.DM.09G008360.1	420	138	0	RLK	WAK	False
Soltu.DM.01G008430.1	118	109	0	RLP		False
Soltu.DM.12G000760.1	821	797	518	RLP	LRR	True
Soltu.DM.08G019420.1	589	237	97	RLK	LRR	True
Soltu.DM.05G003730.1	588	213	0	RLK	WAK	False
Soltu.DM.04G024440.1	447	408	0	RLP		False
Soltu.DM.11G008210.2	433	55	0	RLP		False
Soltu.DM.09G022180.2	288	100	0	RLP		False
Soltu.DM.03G003680.1	315	255	167	RLP	LRR	False
Soltu.DM.05G009340.1	649	263	0	RLK	CRK	True
Soltu.DM.07G004840.1	443	391	0	RLP		False
Soltu.DM.09G014180.1	953	558	240	RLK	LRR	True
Soltu.DM.07G021530.1	835	459	0	RLK	G-LecRLK	True
Soltu.DM.01G003440.1	645	254	0	RLK	CRK	True
Soltu.DM.06G001790.1	452	389	146	RLP	LRR	False
Soltu.DM.03G020800.1	635	286	0	RLP		False
Soltu.DM.01G003480.1	622	232	0	RLK	CRK	True
Soltu.DM.11G011150.1	210	176	0	RLP		True
Soltu.DM.12G029450.1	963	909	745	RLP	LRR	True
Soltu.DM.07G025100.1	549	361	0	RLP	G-LecRLK	False
Soltu.DM.01G033890.1	828	465	0	RLK	G-LecRLK	True
Soltu.DM.01G004020.1	127	100	0	RLP		False
Soltu.DM.10G019480.1	383	355	0	RLP	WAK	True
Soltu.DM.02G019130.1	830	436	0	RLK	G-LecRLK	True
Soltu.DM.12G023450.1	647	589	439	RLP	LRR	True
Soltu.DM.06G025730.1	1070	683	380	RLK	LRR	False
Soltu.DM.09G001860.1	681	286	0	RLK	L-LecRLK	True
Soltu.DM.02G011360.1	621	577	497	RLP	LRR	False
Soltu.DM.03G032730.1	661	266	95	RLK	LRR	True
Soltu.DM.01G002090.1	578	225	0	RLK	G-LecRLK	False
Soltu.DM.11G001650.1	570	536	0	RLP		False
Soltu.DM.10G010860.1	132	70	0	RLP		True
Soltu.DM.10G014680.1	392	309	0	RLP		True
Soltu.DM.08G014570.1	496	206	96	RLK	LRR	False
Soltu.DM.03G025180.1	638	282	96	RLK	LRR	True
Soltu.DM.10G019510.1	726	364	0	RLK	WAK	True
Soltu.DM.06G019490.1	135	82	0	RLP		False
Soltu.DM.03G001070.1	985	653	286	RLK	CrRLK1L;LRR	True
Soltu.DM.08G020740.1	290	57	0	RLP		False
Soltu.DM.09G025630.1	625	257	0	RLK	LysM	True
Soltu.DM.04G029400.1	1152	914	789	RLK	LRR	True
Soltu.DM.04G010650.1	894	539	409	RLK	LRR	True
Soltu.DM.05G005380.1	542	495	0	RLP		False
Soltu.DM.04G006570.1	204	51	0	RLP		False
Soltu.DM.09G017920.1	904	554	94	RLK	CrRLK1L;LRR	True
Soltu.DM.11G024740.1	650	263	94	RLK	LRR	True
Soltu.DM.10G016540.1	861	475	215	RLK	LRR	False
Soltu.DM.01G023180.1	960	625	483	RLK	LRR	True
Soltu.DM.07G025080.1	473	438	0	RLP	G-LecRLK	True
Soltu.DM.01G003460.2	487	128	0	RLK	CRK	False
Soltu.DM.11G022880.1	620	114	0	RLK		True
Soltu.DM.05G009130.1	600	213	0	RLK		True
Soltu.DM.09G022180.1	292	104	0	RLP		False
Soltu.DM.12G026930.1	491	436	334	RLP	LRR	False
Soltu.DM.03G011690.2	774	428	0	RLK	G-LecRLK	True
Soltu.DM.05G008050.1	506	242	0	RLP		True
Soltu.DM.02G011090.2	420	290	0	RLK	L-LecRLK	True
Soltu.DM.06G003480.1	1082	741	607	RLK	LRR	True
Soltu.DM.03G009770.1	759	431	0	RLK	G-LecRLK	True
Soltu.DM.02G030700.1	856	445	0	RLK	CrRLK1L	True
Soltu.DM.06G026940.1	670	315	120	RLK	LRR	False
Soltu.DM.06G024840.1	476	78	0	RLK		False
Soltu.DM.04G002650.1	369	337	0	RLP		True
Soltu.DM.08G017380.1	570	123	0	RLK		False
Soltu.DM.05G022500.4	508	441	0	RLP		True
Soltu.DM.04G001190.1	368	318	266	RLP	LRR	False
Soltu.DM.12G000820.1	448	386	301	RLP	LRR	False
Soltu.DM.04G032030.2	645	275	0	RLK	G-LecRLK	False
Soltu.DM.09G022850.1	475	419	311	RLP	LRR	True
Soltu.DM.02G019200.1	448	355	0	RLP	G-LecRLK	False
Soltu.DM.06G010140.1	653	309	0	RLK		True
Soltu.DM.07G025000.1	778	431	0	RLK	G-LecRLK	True
Soltu.DM.05G027080.3	616	228	97	RLK	LRR	True
Soltu.DM.05G003750.1	644	245	0	RLK		True
Soltu.DM.07G021200.1	532	157	0	RLK	G-LecRLK	False
Soltu.DM.02G021780.1	635	570	0	RLP		True
Soltu.DM.04G037460.1	708	196	0	RLP		False
Soltu.DM.02G012970.1	868	430	0	RLK	CrRLK1L	True
Soltu.DM.03G035460.1	583	75	0	RLK		False
Soltu.DM.07G019300.1	792	322	141	RLK	LRR	True
Soltu.DM.01G038280.3	655	603	0	RLP		True
Soltu.DM.03G015410.1	90	61	0	RLP		False
Soltu.DM.06G025690.1	594	231	0	RLK	LysM	True
Soltu.DM.12G005500.1	496	151	0	RLK		False
Soltu.DM.02G012910.1	161	105	0	RLP		True
Soltu.DM.02G019230.1	826	441	0	RLK	G-LecRLK	True
Soltu.DM.01G049310.1	659	201	0	RLK		False
Soltu.DM.12G021140.1	215	180	0	RLP		True
Soltu.DM.10G019420.1	560	465	416	RLP	LRR	False
Soltu.DM.12G001060.1	361	314	169	RLP	LRR	True
Soltu.DM.09G008340.1	600	321	0	RLK	WAK	True
Soltu.DM.09G001580.1	806	458	0	RLK	G-LecRLK	True
Soltu.DM.05G003590.1	675	291	0	RLK		False
Soltu.DM.03G002620.1	491	275	0	RLP	CRK	True
Soltu.DM.02G019250.2	810	415	0	RLK	G-LecRLK	True
Soltu.DM.09G011130.2	578	522	0	RLP		True
Soltu.DM.05G022510.1	766	600	0	RLP		False
Soltu.DM.04G009930.1	246	100	0	RLP		False
Soltu.DM.09G028870.2	358	320	0	RLP		True
Soltu.DM.05G002190.2	745	310	0	RLK		False
Soltu.DM.06G017550.1	210	176	0	RLP		True
Soltu.DM.01G034930.1	372	234	0	RLP	WAK	True
Soltu.DM.05G003770.1	560	170	0	RLK		False
Soltu.DM.01G003990.1	218	206	0	RLP		False
Soltu.DM.11G009960.1	821	491	427	RLK	LRR	False
Soltu.DM.12G011360.1	463	429	0	RLP		True
Soltu.DM.09G012800.1	653	279	118	RLK	LRR	True
Soltu.DM.07G000270.1	357	89	0	RLP	GH18	False
Soltu.DM.01G019370.1	809	784	0	RLP		True
Soltu.DM.07G005320.1	492	294	0	RLK	G-LecRLK	False
Soltu.DM.02G019570.1	561	276	0	RLK	CRK	True
Soltu.DM.07G028510.1	1021	625	262	RLK	CrRLK1L;LRR	True
Soltu.DM.03G007240.3	536	50	0	RLP		False
Soltu.DM.01G005070.1	627	276	0	RLK	WAK	True
Soltu.DM.08G012010.1	990	589	455	RLK	LRR	True
Soltu.DM.04G022840.1	1058	602	440	RLK	LRR	True
Soltu.DM.07G021150.3	693	172	0	RLP		False
Soltu.DM.01G025070.2	361	324	0	RLP		True
Soltu.DM.09G015150.1	983	109	0	RLP		False
Soltu.DM.11G017240.4	574	517	0	RLP		False
Soltu.DM.11G022090.1	564	519	0	RLP		True
Soltu.DM.07G021150.2	693	172	0	RLP		False
Soltu.DM.08G014190.1	162	157	0	RLP		True
Soltu.DM.03G001460.4	1024	790	681	RLK	LRR	False
Soltu.DM.05G008630.1	216	144	0	RLP		False
Soltu.DM.12G012370.1	149	58	0	RLP		False
Soltu.DM.05G022480.2	213	138	0	RLP		False
Soltu.DM.12G026030.1	120	87	0	RLP		False
Soltu.DM.04G031990.1	811	442	0	RLK	G-LecRLK	True
Soltu.DM.11G004890.1	1048	92	0	RLP		False
Soltu.DM.12G023030.1	131	102	0	RLP		True
Soltu.DM.07G002340.1	771	345	0	RLK	WAK	True
Soltu.DM.06G032910.2	629	262	118	RLK	LRR	True
Soltu.DM.03G001190.3	714	375	310	RLK	LRR	False
Soltu.DM.05G003180.1	163	89	0	RLP		False
Soltu.DM.02G030250.1	626	241	0	RLK		True
Soltu.DM.08G020710.1	307	68	0	RLK		False
Soltu.DM.01G038280.1	625	573	0	RLP		True
Soltu.DM.01G001260.1	684	498	507	RLP	LRR	True
Soltu.DM.12G006100.1	154	51	0	RLP		False
Soltu.DM.12G000960.1	441	370	290	RLP	LRR	False
Soltu.DM.01G006620.1	192	155	0	RLP		False
Soltu.DM.08G020480.1	914	552	474	RLK	LRR	False
Soltu.DM.12G022160.2	680	443	0	RLK	G-LecRLK	True
Soltu.DM.01G026960.1	190	101	0	RLP		False
Soltu.DM.12G006540.1	627	276	0	RLK	WAK	True
Soltu.DM.01G021510.3	1224	1089	0	RLP		False
Soltu.DM.07G004320.1	987	949	825	RLP	LRR	True
Soltu.DM.04G029590.1	1581	1241	1106	RLK	LRR	True
Soltu.DM.03G001360.1	1081	840	730	RLK	LRR	True
Soltu.DM.03G001270.1	1176	838	729	RLK	LRR	True
Soltu.DM.06G017540.1	215	182	0	RLP		True
Soltu.DM.01G004300.1	240	188	0	RLP		False
Soltu.DM.02G022440.2	537	191	0	RLK		False
Soltu.DM.06G011830.1	1080	739	606	RLK	LRR	True
Soltu.DM.05G003720.1	660	247	0	RLK	WAK	True
Soltu.DM.04G032100.1	800	433	0	RLK	G-LecRLK	True
Soltu.DM.07G025140.2	763	436	0	RLK	G-LecRLK	True
Soltu.DM.12G000890.1	281	219	144	RLP	LRR	False
Soltu.DM.03G013880.1	374	54	0	RLP		False
Soltu.DM.02G019130.4	683	436	0	RLK	G-LecRLK	True
Soltu.DM.07G000360.1	193	159	0	RLP		False
Soltu.DM.02G015550.1	692	499	384	RLK	LRR	True
Soltu.DM.03G013610.1	635	258	118	RLK	LRR	True
Soltu.DM.07G021620.1	532	157	0	RLK	G-LecRLK	False
Soltu.DM.08G000350.1	154	125	0	RLP		False
Soltu.DM.02G001680.1	788	88	0	RLK		False
Soltu.DM.03G023800.1	543	392	271	RLP	LRR	False
Soltu.DM.10G018590.3	566	507	0	RLP		False
Soltu.DM.02G010450.1	527	248	0	RLK	CRK	True
Soltu.DM.03G016170.1	975	586	456	RLK	LRR	True
Soltu.DM.02G015490.1	587	203	0	RLK		True
Soltu.DM.12G011950.1	686	282	0	RLK	WAK	True
Soltu.DM.07G027340.1	665	286	0	RLK	L-LecRLK	True
Soltu.DM.09G009290.1	866	485	270	RLK	LRR	False
Soltu.DM.07G005240.2	672	440	0	RLK	G-LecRLK	True
Soltu.DM.01G001240.1	724	671	408	RLP	LRR	False
Soltu.DM.12G022720.1	1009	597	191	RLK	CrRLK1L;LRR	True
Soltu.DM.04G029570.1	1128	808	674	RLK	LRR	True
Soltu.DM.01G037800.1	160	98	0	RLP		False
Soltu.DM.09G024240.1	785	434	0	RLK	G-LecRLK	True
Soltu.DM.05G003770.3	657	249	0	RLK		True
Soltu.DM.03G000350.1	216	180	0	RLP		True
Soltu.DM.01G004940.1	434	212	0	RLK	WAK	True
Soltu.DM.10G025930.3	646	389	213	RLK	LRR	True
Soltu.DM.04G032000.2	524	435	0	RLP	G-LecRLK	True
Soltu.DM.02G019670.1	558	161	0	RLK	CRK	False
Soltu.DM.08G006710.1	948	884	640	RLP	LRR	False
Soltu.DM.03G009170.1	628	265	122	RLK	LRR	True
Soltu.DM.03G026560.1	309	295	0	RLP	WAK	True
Soltu.DM.05G019220.1	671	253	98	RLK	LRR	True
Soltu.DM.02G015030.2	952	585	216	RLK	CrRLK1L;LRR	True
Soltu.DM.03G032300.1	541	464	0	RLP		True
Soltu.DM.02G021000.1	474	84	0	RLK		False
Soltu.DM.02G019600.1	385	261	0	RLP	CRK	False
Soltu.DM.02G021030.1	375	78	0	RLK		False
Soltu.DM.04G022110.1	157	57	0	RLP		False
Soltu.DM.05G022500.2	392	325	0	RLP		False
Soltu.DM.05G014720.1	675	310	120	RLK	LRR	False
Soltu.DM.05G008160.1	442	143	0	RLK		False
Soltu.DM.01G042440.1	182	50	0	RLP		False
Soltu.DM.04G031720.1	955	582	435	RLK	LRR	True
Soltu.DM.06G033180.1	944	121	0	RLP		False
Soltu.DM.12G022940.1	252	186	0	RLP		False
Soltu.DM.06G000220.1	1198	1152	0	RLP		True
Soltu.DM.08G018610.1	625	227	0	RLK		True
Soltu.DM.10G019410.1	785	730	654	RLP	LRR	False
Soltu.DM.05G001850.1	621	237	0	RLK		True
Soltu.DM.03G001590.1	924	586	511	RLK	LRR	False
Soltu.DM.03G007830.1	1126	783	410	RLK	LRR	True
Soltu.DM.05G027080.2	616	228	97	RLK	LRR	True
Soltu.DM.06G011560.1	894	536	386	RLK	LRR	True
Soltu.DM.10G008680.1	151	62	0	RLP		False
Soltu.DM.02G012460.3	228	154	0	RLP		False
Soltu.DM.02G021540.1	420	380	0	RLP		False
Soltu.DM.12G000930.1	499	437	194	RLP	LRR	False
Soltu.DM.03G036990.1	675	267	96	RLK	LRR	True
Soltu.DM.07G001040.1	951	569	471	RLK	LRR	False
Soltu.DM.01G012700.1	311	265	0	RLP		False
Soltu.DM.04G029490.1	891	552	437	RLK	LRR	True
Soltu.DM.01G004340.1	392	340	245	RLP	LRR	False
Soltu.DM.02G012460.2	228	154	0	RLP		False
Soltu.DM.01G039360.1	900	154	0	RLP		False
Soltu.DM.05G003760.1	661	259	0	RLK		True
Soltu.DM.07G025070.1	856	618	0	RLK	G-LecRLK	False
Soltu.DM.10G016950.1	259	188	0	RLP		True
Soltu.DM.01G031680.2	175	147	0	RLP	CRK	False
Soltu.DM.12G003690.1	588	227	98	RLK	LRR	True
Soltu.DM.08G024220.1	252	195	0	RLP		True
Soltu.DM.08G011310.1	810	419	0	RLK	G-LecRLK	True
Soltu.DM.04G032060.1	616	344	0	RLK	G-LecRLK	False
Soltu.DM.05G021750.3	213	89	0	RLP		False
Soltu.DM.01G022000.1	604	243	121	RLK	LRR	True
Soltu.DM.06G020150.2	348	69	0	RLP		False
Soltu.DM.04G001300.1	696	263	0	RLK		False
Soltu.DM.03G024930.2	447	117	0	RLK	CRK	False
Soltu.DM.04G029510.2	356	132	0	RLK		False
Soltu.DM.06G017560.1	214	180	0	RLP		True
Soltu.DM.04G009040.1	1091	730	635	RLK	LRR	True
Soltu.DM.04G037550.1	439	405	0	RLP		True
Soltu.DM.01G029790.1	369	55	0	RLP		False
Soltu.DM.04G014700.3	298	256	0	RLP		True
Soltu.DM.02G019690.1	688	290	0	RLK	CRK	True
Soltu.DM.12G010310.1	867	293	0	RLP		False
Soltu.DM.08G020940.1	737	559	431	RLP	LRR	True
Soltu.DM.07G021270.1	833	457	0	RLK	G-LecRLK	True
Soltu.DM.03G001690.1	705	542	419	RLP	LRR	True
Soltu.DM.02G018160.1	743	300	141	RLK	LRR	True
Soltu.DM.01G021510.1	1207	1072	0	RLP		False
Soltu.DM.01G004460.1	609	556	336	RLP	LRR	False
Soltu.DM.09G028420.1	1034	705	554	RLK	LRR	True
Soltu.DM.03G001240.1	275	269	193	RLP	LRR	False
Soltu.DM.10G002070.1	827	435	0	RLK	G-LecRLK	True
Soltu.DM.04G032910.1	674	329	241	RLK	LRR	False
Soltu.DM.05G025760.1	1025	979	711	RLP	LRR	True
Soltu.DM.01G001320.1	360	307	219	RLP	LRR	False
Soltu.DM.11G009980.1	1004	656	454	RLK	LRR	False
Soltu.DM.01G034940.1	374	235	0	RLP	WAK	True
Soltu.DM.08G020770.1	682	607	480	RLP	LRR	True
Soltu.DM.02G026170.1	561	558	0	RLP	WAK	True
Soltu.DM.02G018480.1	997	424	0	RLP		False
Soltu.DM.03G003690.1	286	224	133	RLP	LRR	False
Soltu.DM.01G004510.1	343	292	143	RLP	LRR	False
Soltu.DM.01G041700.1	727	707	372	RLP	LRR	True
Soltu.DM.12G011420.1	668	405	0	RLP		False
Soltu.DM.02G034510.4	192	158	0	RLP		True
Soltu.DM.10G019520.1	641	362	0	RLK	WAK	True
Soltu.DM.04G009920.1	1066	916	612	RLP	LRR	False
Soltu.DM.09G009840.2	431	392	0	RLP		True
Soltu.DM.09G008370.1	610	364	0	RLP	WAK	True
Soltu.DM.11G011830.2	434	376	0	RLP		True
Soltu.DM.06G005920.1	120	101	0	RLP		False
Soltu.DM.02G033170.1	664	255	0	RLK	CRK	True
Soltu.DM.08G021800.1	534	217	0	RLP	G-LecRLK	False
Soltu.DM.09G008780.1	906	862	691	RLP	LRR	True
Soltu.DM.03G022650.1	635	254	0	RLK	WAK	True
Soltu.DM.08G022650.1	344	57	0	RLP		False
Soltu.DM.07G001660.1	245	139	0	RLP		False
Soltu.DM.02G032780.1	618	255	0	RLK		True
Soltu.DM.02G013980.1	1170	808	675	RLK	LRR	True
Soltu.DM.07G018580.1	419	315	0	RLP	G-LecRLK	False
Soltu.DM.01G050730.2	228	187	0	RLP		True
Soltu.DM.02G014900.1	876	506	215	RLK	CrRLK1L;LRR	True
Soltu.DM.07G018580.2	716	315	0	RLK	G-LecRLK	False
Soltu.DM.05G025250.1	842	422	0	RLK	CrRLK1L	True
Soltu.DM.07G001700.1	365	232	0	RLP		True
Soltu.DM.01G047420.2	668	253	0	RLK	SPARK	True
Soltu.DM.03G025920.1	1019	494	0	RLP		False
Soltu.DM.02G024630.1	607	477	0	RLP		False
Soltu.DM.01G006740.1	927	879	741	RLP	LRR	True
Soltu.DM.02G019660.2	727	476	0	RLK	CRK	True
Soltu.DM.05G004690.2	905	843	0	RLP		True
Soltu.DM.07G001680.1	560	197	98	RLK	LRR	False
Soltu.DM.01G004860.1	666	275	0	RLK	WAK	True
Soltu.DM.01G000100.2	550	387	0	RLK	G-LecRLK	False
Soltu.DM.10G021130.1	108	51	0	RLP		False
Soltu.DM.11G022550.1	685	54	0	RLP		False
Soltu.DM.03G026370.1	974	874	746	RLP	LRR	True
Soltu.DM.10G028270.1	888	534	385	RLK	LRR	True
Soltu.DM.03G022670.4	287	261	0	RLP	WAK	True
Soltu.DM.01G003440.3	697	261	0	RLK	CRK	True
Soltu.DM.05G022250.2	256	163	0	RLP		False
Soltu.DM.02G010310.1	394	71	0	RLP		False
Soltu.DM.07G023460.1	479	233	0	RLP		True
Soltu.DM.09G029750.1	932	484	217	RLK	LRR	True
Soltu.DM.12G029480.1	531	476	382	RLP	LRR	False
Soltu.DM.01G004830.1	624	233	0	RLK	WAK	True
Soltu.DM.04G009370.1	652	443	367	RLK	LRR	False
Soltu.DM.09G010980.1	965	606	461	RLK	LRR	True
Soltu.DM.02G019250.1	636	240	0	RLK	G-LecRLK	False
Soltu.DM.01G031880.1	686	312	145	RLK	LRR	True
Soltu.DM.10G023210.1	685	284	0	RLK	L-LecRLK	True
Soltu.DM.08G014530.1	573	338	167	RLK	LRR	True
Soltu.DM.07G005310.1	838	438	0	RLK	G-LecRLK	True
Soltu.DM.02G034090.1	669	271	0	RLK		True
Soltu.DM.11G012150.1	782	379	0	RLK	CR-like	True
Soltu.DM.03G022680.1	628	252	0	RLK	WAK	True
Soltu.DM.11G011860.1	1109	663	0	RLP		False
Soltu.DM.04G004540.1	687	272	119	RLK	LRR	True
Soltu.DM.05G026830.1	472	439	0	RLP		True
Soltu.DM.07G021300.1	822	455	0	RLK	G-LecRLK	True
Soltu.DM.12G022160.1	832	443	0	RLK	G-LecRLK	True
Soltu.DM.09G008790.1	994	858	755	RLP	LRR	False
Soltu.DM.08G020960.1	938	632	502	RLK	LRR	True
Soltu.DM.01G011140.1	713	441	0	RLK	G-LecRLK	True
Soltu.DM.02G022440.7	897	329	0	RLK		True
Soltu.DM.06G020160.1	446	385	0	RLP		True
Soltu.DM.04G016310.1	706	557	488	RLP	LRR	False
Soltu.DM.06G002040.2	296	107	0	RLP		False
Soltu.DM.02G033980.1	310	271	0	RLP		False
Soltu.DM.06G021720.1	739	318	119	RLK	LRR	True
Soltu.DM.01G004860.2	658	268	0	RLK	WAK	True
Soltu.DM.02G011730.1	848	662	535	RLP	LRR	True
Soltu.DM.07G018310.1	337	221	0	RLP		False
Soltu.DM.10G013100.1	715	302	0	RLK	L-LecRLK	True
Soltu.DM.04G009710.1	417	300	212	RLP	LRR	False
Soltu.DM.01G049430.1	881	417	168	RLK	LRR	True
Soltu.DM.02G021370.1	672	155	0	RLP		False
Soltu.DM.11G016810.1	729	233	0	RLK		False
Soltu.DM.12G027950.1	129	91	0	RLP		False
Soltu.DM.01G018320.1	239	203	0	RLP		False
Soltu.DM.01G000100.1	725	430	0	RLK	G-LecRLK	True
Soltu.DM.10G013190.1	706	291	0	RLK	L-LecRLK	True
Soltu.DM.02G028370.1	665	286	119	RLK	LRR	True
Soltu.DM.02G032730.2	534	270	0	RLP		True
Soltu.DM.01G038230.1	936	865	721	RLP	LRR	True
Soltu.DM.01G006640.1	821	773	710	RLP	LRR	False
Soltu.DM.11G011830.1	348	291	0	RLP		False
Soltu.DM.01G050730.1	258	187	0	RLP		True
Soltu.DM.08G022370.2	300	264	0	RLP		True
Soltu.DM.07G000150.2	274	106	0	RLP	GH18	False
Soltu.DM.12G000900.1	241	179	0	RLP		False
Soltu.DM.06G034140.2	296	261	0	RLP	CRK	True
Soltu.DM.07G000250.1	551	278	0	RLK	GH18	False
Soltu.DM.12G022690.1	1017	597	191	RLK	CrRLK1L;LRR	True
Soltu.DM.10G001880.1	402	73	0	RLP		False
Soltu.DM.03G001190.1	748	409	344	RLK	LRR	False
Soltu.DM.01G042460.1	999	634	483	RLK	LRR	True
Soltu.DM.07G002830.1	422	55	0	RLP		True
Soltu.DM.01G006570.1	451	401	195	RLP	LRR	True
Soltu.DM.05G009330.2	507	257	0	RLK	CRK	True
Soltu.DM.11G005650.2	253	250	0	RLP	WAK	True
Soltu.DM.09G024220.1	785	434	0	RLK	G-LecRLK	True
Soltu.DM.11G001650.3	670	638	0	RLP		True
Soltu.DM.10G004790.1	157	77	0	RLP		False
Soltu.DM.10G022780.1	596	500	394	RLP	LRR	True
Soltu.DM.07G005320.2	492	294	0	RLK	G-LecRLK	False
Soltu.DM.09G020650.1	132	98	0	RLP		False
Soltu.DM.10G011920.1	215	181	0	RLP		True
Soltu.DM.06G032910.1	629	262	118	RLK	LRR	True
Soltu.DM.02G024210.1	1137	760	605	RLK	LRR	True
Soltu.DM.07G018600.1	777	469	0	RLK	G-LecRLK	True
Soltu.DM.06G013350.1	141	80	0	RLP		True
Soltu.DM.01G002110.1	519	274	0	RLK	G-LecRLK	False
Soltu.DM.06G006090.1	161	130	0	RLP		True
Soltu.DM.05G009130.2	539	213	0	RLK		True
Soltu.DM.04G008350.1	930	727	627	RLK	LRR	False
Soltu.DM.04G036200.1	1136	758	629	RLK	LRR	True
Soltu.DM.03G016220.1	437	114	0	RLP		False
Soltu.DM.04G032030.1	645	275	0	RLK	G-LecRLK	False
Soltu.DM.08G027090.1	762	581	0	RLP		True
Soltu.DM.09G029750.2	794	484	217	RLK	LRR	True
Soltu.DM.06G024590.2	502	464	0	RLP		True
Soltu.DM.04G029360.1	809	802	674	RLP	LRR	True
Soltu.DM.11G001100.1	642	264	0	RLK	CRK	True
Soltu.DM.02G011780.3	968	740	608	RLK	LRR	True
Soltu.DM.03G006010.1	1296	938	0	RLP		False
Soltu.DM.04G035130.1	639	493	0	RLP		True
Soltu.DM.01G047000.1	772	336	166	RLK	LRR	True
Soltu.DM.06G017640.1	240	167	0	RLP		False
Soltu.DM.07G018440.1	121	90	0	RLP		True
Soltu.DM.04G027790.1	292	250	0	RLP		False
Soltu.DM.06G000210.1	813	459	0	RLK	CrRLK1L	True
Soltu.DM.03G015760.3	491	117	0	RLK		False
Soltu.DM.11G009060.1	222	59	0	RLP		False
Soltu.DM.03G012000.2	529	215	0	RLK		True
Soltu.DM.05G003510.1	626	249	0	RLK		True
Soltu.DM.02G014940.1	999	609	238	RLK	CrRLK1L;LRR	True
Soltu.DM.07G028520.1	1031	636	240	RLK	CrRLK1L;LRR	True
Soltu.DM.03G035460.2	588	75	0	RLK		False
Soltu.DM.06G000200.1	857	457	0	RLK	CrRLK1L	True
Soltu.DM.04G029540.1	1441	1092	962	RLK	LRR	False
Soltu.DM.09G027370.1	332	301	0	RLP	CRK	True
Soltu.DM.02G015010.1	1002	609	215	RLK	CrRLK1L;LRR	True
Soltu.DM.01G036120.1	778	393	213	RLK	LRR	True
Soltu.DM.01G041480.1	959	565	273	RLK	LRR	True
Soltu.DM.11G005650.3	236	233	0	RLP	WAK	True
Soltu.DM.03G025070.1	659	260	120	RLK	LRR	True
Soltu.DM.05G004800.1	370	338	0	RLP		True
Soltu.DM.04G010880.1	491	87	0	RLP		False
Soltu.DM.09G009230.1	557	361	0	RLP	WAK	True
Soltu.DM.11G008390.1	455	432	0	RLP	G-LecRLK	True
Soltu.DM.12G009250.1	349	286	170	RLP	LRR	True
Soltu.DM.03G001270.3	742	404	344	RLK	LRR	False
Soltu.DM.04G021530.2	196	72	0	RLP		False
Soltu.DM.01G000970.1	300	195	0	RLP		True
Soltu.DM.01G004490.1	241	184	0	RLP		False
Soltu.DM.12G000720.1	1035	975	841	RLP	LRR	True
Soltu.DM.01G038300.1	433	50	0	RLP		True
Soltu.DM.07G005310.2	684	438	0	RLK	G-LecRLK	True
Soltu.DM.03G013610.2	635	258	118	RLK	LRR	True
Soltu.DM.07G005250.1	266	80	0	RLP	G-LecRLK	False
Soltu.DM.07G006230.1	647	241	98	RLK	LRR	True
Soltu.DM.03G023960.1	608	226	95	RLK	LRR	True
Soltu.DM.11G009970.1	894	564	454	RLK	LRR	False
Soltu.DM.05G022410.1	1316	415	269	RLK	LRR	True
Soltu.DM.01G000790.1	164	72	0	RLP		False
Soltu.DM.01G045490.1	712	311	0	RLK	L-LecRLK	True
Soltu.DM.04G009390.1	975	632	564	RLK	LRR	False
Soltu.DM.08G022370.1	242	206	0	RLP		True
Soltu.DM.04G002260.1	427	260	0	RLK	WAK	True
Soltu.DM.04G032080.1	799	433	0	RLK	G-LecRLK	True
Soltu.DM.01G009170.3	195	74	0	RLP		False
Soltu.DM.03G018980.1	356	93	0	RLK		False
Soltu.DM.01G038280.2	650	598	0	RLP		True
Soltu.DM.04G006180.1	646	304	217	RLK	LRR	False
Soltu.DM.05G003400.1	673	280	117	RLK	LRR	True
Soltu.DM.04G029390.1	941	871	722	RLP	LRR	True
Soltu.DM.12G026610.2	1113	1058	981	RLP	LRR	False
Soltu.DM.02G034510.1	190	157	0	RLP		True
Soltu.DM.03G026470.1	678	646	0	RLP		True
Soltu.DM.12G003010.1	1097	744	602	RLK	LRR	True
Soltu.DM.05G006660.1	640	250	0	RLK		True
Soltu.DM.05G006140.1	1253	874	749	RLK	LRR	True
Soltu.DM.03G024750.1	346	235	0	RLP		True
Soltu.DM.02G019750.1	300	122	0	RLP		True
Soltu.DM.06G023620.1	341	303	0	RLP		False
Soltu.DM.11G008490.1	779	433	0	RLK	G-LecRLK	True
Soltu.DM.04G023990.1	1206	799	438	RLK	LRR	True
Soltu.DM.01G006760.1	850	802	717	RLP	LRR	False
Soltu.DM.03G001330.1	432	406	214	RLP	LRR	True
Soltu.DM.04G009950.1	2270	821	1642	RLP	LRR	False
Soltu.DM.07G006970.1	506	295	268	RLP	LRR	False
Soltu.DM.07G025060.1	672	278	0	RLK	G-LecRLK	False
Soltu.DM.08G024780.1	589	56	0	RLP		False
Soltu.DM.06G001590.1	706	643	501	RLP	LRR	True
Soltu.DM.03G025670.1	203	173	0	RLP		True
Soltu.DM.07G021940.1	546	62	0	RLP		False
Soltu.DM.12G003680.1	582	236	98	RLK	LRR	True
Soltu.DM.01G037810.1	615	553	309	RLP	LRR	False
Soltu.DM.08G016770.1	361	298	145	RLP	LRR	True
Soltu.DM.10G013140.1	464	266	0	RLK	L-LecRLK	True
Soltu.DM.06G021720.2	698	279	141	RLK	LRR	True
Soltu.DM.10G002080.1	717	342	0	RLK	G-LecRLK	False
Soltu.DM.02G019130.2	830	436	0	RLK	G-LecRLK	True
Soltu.DM.03G005610.1	818	395	0	RLK	CrRLK1L	True
Soltu.DM.01G025070.1	360	323	0	RLP		True
Soltu.DM.06G033190.1	620	234	98	RLK	LRR	True
Soltu.DM.11G003680.2	604	215	0	RLK		True
Soltu.DM.03G014810.1	1015	650	504	RLK	LRR	True
Soltu.DM.11G005620.1	294	140	0	RLP		False
Soltu.DM.02G019150.2	811	408	0	RLK	G-LecRLK	True
Soltu.DM.12G011850.1	438	373	307	RLP	LRR	False
Soltu.DM.07G001220.1	631	230	0	RLK		True
Soltu.DM.12G009270.1	434	369	289	RLP	LRR	False
Soltu.DM.01G004200.1	245	193	0	RLP		False
Soltu.DM.09G000820.1	693	310	0	RLK	L-LecRLK	True
Soltu.DM.S002600.1	256	194	119	RLP	LRR	False
Soltu.DM.07G005240.1	822	440	0	RLK	G-LecRLK	True
Soltu.DM.08G020630.1	685	448	316	RLK	LRR	True
Soltu.DM.12G025300.1	868	801	666	RLP	LRR	True
Soltu.DM.03G001520.1	390	288	246	RLP	LRR	False
Soltu.DM.03G001270.2	1205	838	729	RLK	LRR	True
Soltu.DM.04G029410.1	1147	799	650	RLK	LRR	True
Soltu.DM.05G017280.1	187	118	0	RLP	WAK	False
Soltu.DM.10G003850.1	201	168	0	RLP		True
Soltu.DM.01G041520.2	688	461	269	RLK	LRR	True
Soltu.DM.05G011520.1	716	314	171	RLK	LRR	True
Soltu.DM.06G017630.2	432	366	0	RLP		True
Soltu.DM.09G005890.1	765	427	0	RLK		True
Soltu.DM.11G003330.2	393	58	0	RLP		False
Soltu.DM.10G019560.1	633	331	0	RLK	WAK	True
Soltu.DM.08G014810.1	946	628	503	RLK	LRR	True
Soltu.DM.02G015220.1	833	465	0	RLK	G-LecRLK	True
Soltu.DM.01G004120.1	572	341	420	RLP	LRR	False
Soltu.DM.02G025250.1	556	149	0	RLK		False
Soltu.DM.11G005950.2	163	78	0	RLP		False
Soltu.DM.04G029330.1	1050	698	529	RLK	LRR	True
Soltu.DM.03G003130.1	230	149	0	RLP		True
Soltu.DM.01G041520.1	947	558	269	RLK	LRR	True
Soltu.DM.04G004050.3	709	329	0	RLK	G-LecRLK	False
Soltu.DM.12G000860.1	296	234	165	RLP	LRR	False
Soltu.DM.04G015960.1	156	81	0	RLP		False
Soltu.DM.07G022430.1	801	432	338	RLK	LRR	False
Soltu.DM.09G008770.1	778	734	594	RLP	LRR	True
Soltu.DM.01G012120.1	168	66	0	RLP		False
Soltu.DM.06G034140.1	296	261	0	RLP	CRK	True
Soltu.DM.01G046520.1	630	572	0	RLP	WAK	True
Soltu.DM.11G009040.1	218	57	0	RLP		False
Soltu.DM.06G018670.1	360	68	0	RLP		False
Soltu.DM.07G018250.1	213	88	0	RLP		False
Soltu.DM.12G030180.1	1020	605	191	RLK	CrRLK1L;LRR	True
Soltu.DM.08G021790.2	792	396	0	RLK	G-LecRLK	True
Soltu.DM.04G009440.1	932	789	660	RLP	LRR	True
Soltu.DM.09G022100.1	1219	857	725	RLK	LRR	True
Soltu.DM.04G009870.1	924	728	588	RLK	LRR	True
Soltu.DM.02G015580.1	1162	820	680	RLK	LRR	True
Soltu.DM.04G009070.1	750	632	564	RLP	LRR	False
Soltu.DM.12G000970.1	388	318	244	RLP	LRR	False
Soltu.DM.10G019540.1	540	337	0	RLP	WAK	True
Soltu.DM.12G011930.1	659	258	0	RLK	WAK	True
Soltu.DM.02G011520.1	828	301	0	RLP	WAK	True
Soltu.DM.01G003460.1	467	124	0	RLK	CRK	False
Soltu.DM.03G029840.1	854	426	0	RLK	CrRLK1L	True
Soltu.DM.05G013680.1	133	82	0	RLP		False
Soltu.DM.07G024150.1	674	319	99	RLK	LRR	False
Soltu.DM.02G019170.1	609	208	0	RLK	G-LecRLK	False
Soltu.DM.02G002890.1	1051	635	481	RLK	LRR	True
Soltu.DM.03G035310.2	158	83	0	RLP		False
Soltu.DM.03G001610.1	664	334	0	RLK		False
Soltu.DM.11G009730.1	231	54	0	RLP		False
Soltu.DM.11G009590.1	615	225	0	RLK	SPARK	True
Soltu.DM.06G018140.1	192	120	0	RLP		False
Soltu.DM.03G036390.1	885	413	0	RLK		True
Soltu.DM.05G003580.1	385	94	0	RLK	WAK	False
Soltu.DM.08G024130.1	216	154	0	RLP		False
Soltu.DM.12G025210.1	370	52	0	RLP		True
Soltu.DM.01G043170.3	174	138	0	RLP		False
Soltu.DM.01G010600.1	267	214	0	RLP		False
Soltu.DM.02G017590.1	698	301	0	RLK	L-LecRLK	True
Soltu.DM.11G023520.1	636	267	120	RLK	LRR	True
Soltu.DM.01G004860.3	592	254	0	RLK	WAK	True
Soltu.DM.09G005890.2	765	427	0	RLK		True
Soltu.DM.05G008050.2	340	75	0	RLP		False
Soltu.DM.04G008530.1	357	52	0	RLP		False
Soltu.DM.07G020370.1	168	77	0	RLP		False
Soltu.DM.06G003450.1	775	433	367	RLK	LRR	False
Soltu.DM.12G026610.1	313	258	167	RLP	LRR	False
Soltu.DM.02G015840.1	714	363	97	RLK	LRR	True
Soltu.DM.08G020950.1	902	625	510	RLP	LRR	True
Soltu.DM.11G026340.1	836	413	0	RLK	CrRLK1L	True
Soltu.DM.01G037100.1	389	174	0	RLP		False
Soltu.DM.05G008340.1	484	143	0	RLK		False
Soltu.DM.07G001670.1	574	225	0	RLK		True
Soltu.DM.01G049810.1	873	435	0	RLK	CrRLK1L	True
Soltu.DM.12G015060.2	174	88	0	RLP		False
Soltu.DM.07G007400.1	715	52	0	RLP		False
Soltu.DM.07G018560.1	810	427	0	RLK	G-LecRLK	True
Soltu.DM.02G020990.1	598	223	0	RLK	WAK	True
Soltu.DM.03G000170.1	790	426	0	RLK	G-LecRLK	True
Soltu.DM.02G019620.1	673	277	0	RLK	CRK	True
Soltu.DM.07G023310.1	457	97	0	RLK		False
Soltu.DM.04G009560.1	362	203	116	RLK	LRR	False
Soltu.DM.07G021820.1	990	594	240	RLK	CrRLK1L;LRR	True
Soltu.DM.10G025930.2	785	389	213	RLK	LRR	True
Soltu.DM.02G018160.3	745	299	117	RLK	LRR	True
Soltu.DM.01G003430.1	564	259	0	RLK	CRK	True
Soltu.DM.08G011530.1	527	266	0	RLP	L-LecRLK	True
Soltu.DM.S001610.1	225	137	0	RLP		False
Soltu.DM.12G007970.2	600	297	142	RLK	LRR	True
Soltu.DM.04G032050.1	1441	417	0	RLK	G-LecRLK	False
Soltu.DM.06G002040.1	238	109	0	RLP		False
Soltu.DM.11G002410.1	1571	561	748	RLP	LRR	False
Soltu.DM.04G009730.1	620	448	380	RLP	LRR	False
Soltu.DM.01G009170.5	195	74	0	RLP		False
Soltu.DM.03G033050.1	730	685	0	RLP		True
Soltu.DM.11G007950.1	938	481	216	RLK	LRR	True
Soltu.DM.09G001890.1	665	293	0	RLK	L-LecRLK	True
Soltu.DM.07G018210.1	213	157	0	RLP		True
Soltu.DM.10G014580.1	577	221	98	RLK	LRR	True
Soltu.DM.02G029720.2	703	270	0	RLK		True
Soltu.DM.03G007240.1	534	50	0	RLP		False
Soltu.DM.01G034960.1	372	240	0	RLP	WAK	True
Soltu.DM.12G023550.1	330	293	0	RLP		False
Soltu.DM.09G008980.1	673	290	0	RLK	L-LecRLK	True
Soltu.DM.10G000320.1	640	275	0	RLP	WAK	True
Soltu.DM.09G031640.1	1270	902	755	RLK	LRR	True
Soltu.DM.07G000130.1	449	271	0	RLP	GH18	False
Soltu.DM.07G011680.1	1089	603	0	RLK		True
Soltu.DM.02G011780.2	1082	740	608	RLK	LRR	True
Soltu.DM.02G007100.1	984	678	526	RLK	LRR	True
Soltu.DM.05G011520.2	554	151	0	RLK		False
Soltu.DM.05G002190.1	745	310	0	RLK		False
Soltu.DM.06G017640.2	308	235	0	RLP		True
Soltu.DM.11G005850.1	623	227	0	RLK	WAK	True
Soltu.DM.02G021330.1	346	153	0	RLP	WAK	True
Soltu.DM.02G015670.3	809	469	389	RLK	LRR	False
Soltu.DM.04G029380.1	606	538	457	RLP	LRR	False
Soltu.DM.01G028050.1	548	60	0	RLP		False
Soltu.DM.03G027360.1	601	240	97	RLK	LRR	True
Soltu.DM.08G026270.1	882	518	386	RLK	LRR	True
Soltu.DM.03G008430.1	738	293	142	RLK	LRR	True
Soltu.DM.04G034670.1	350	121	0	RLK		False
Soltu.DM.04G009520.1	295	234	164	RLP	LRR	False
Soltu.DM.02G010060.2	612	230	98	RLK	LRR	True
Soltu.DM.04G008390.1	746	535	492	RLP	LRR	False
Soltu.DM.03G030360.1	222	194	0	RLP		True
Soltu.DM.01G038960.1	157	145	0	RLP		False
Soltu.DM.03G033660.1	271	263	0	RLP	WAK	True
Soltu.DM.10G025930.4	497	389	213	RLP	LRR	True
Soltu.DM.07G013050.1	251	64	0	RLP		False
Soltu.DM.03G001460.5	958	719	656	RLK	LRR	False
Soltu.DM.12G028030.1	477	412	242	RLP	LRR	False
Soltu.DM.08G006710.3	923	859	615	RLP	LRR	False
Soltu.DM.01G040340.1	360	326	0	RLP		True
Soltu.DM.03G030370.1	222	192	0	RLP		True
Soltu.DM.11G017240.3	574	517	0	RLP		False
Soltu.DM.03G005050.1	1022	640	506	RLK	LRR	True
Soltu.DM.03G026240.1	1107	701	578	RLK	LRR	True
Soltu.DM.10G000520.1	652	390	0	RLP	G-LecRLK	False
Soltu.DM.10G022830.1	863	827	0	RLP		True
Soltu.DM.04G029530.1	1222	871	746	RLK	LRR	True
Soltu.DM.08G009870.1	174	55	0	RLP		False
Soltu.DM.03G037530.1	711	286	141	RLK	LRR	True
Soltu.DM.02G019340.1	103	72	0	RLP		True
Soltu.DM.02G014980.2	1000	607	215	RLK	CrRLK1L;LRR	True
Soltu.DM.01G004150.1	392	340	245	RLP	LRR	False
Soltu.DM.06G022100.1	668	258	117	RLK	LRR	True
Soltu.DM.11G008450.2	779	433	0	RLK	G-LecRLK	True
Soltu.DM.04G008510.1	1113	674	716	RLP	LRR	False
Soltu.DM.02G010060.1	612	230	98	RLK	LRR	True
Soltu.DM.12G006750.1	325	56	0	RLP		False
Soltu.DM.07G019750.1	921	888	591	RLP	LRR	True
Soltu.DM.01G034950.1	345	211	0	RLP	WAK	True
Soltu.DM.02G014860.1	1040	650	285	RLK	CrRLK1L;LRR	True
Soltu.DM.07G020260.1	767	405	335	RLK	LRR	False
Soltu.DM.02G032270.1	601	220	98	RLK	LRR	True
Soltu.DM.01G013710.1	1231	866	750	RLK	LRR	True
Soltu.DM.07G021150.1	693	172	0	RLP		False
Soltu.DM.12G010840.1	324	285	0	RLP		False
Soltu.DM.04G025260.3	843	234	0	RLP		False
Soltu.DM.03G001370.1	1048	857	633	RLP	LRR	False
Soltu.DM.02G022440.8	758	191	0	RLK		False
Soltu.DM.08G014360.1	1032	639	478	RLK	LRR	True
Soltu.DM.05G003460.1	324	95	0	RLP		False
Soltu.DM.03G037530.2	711	286	141	RLK	LRR	True
Soltu.DM.11G002580.1	647	249	121	RLK	LRR	True
Soltu.DM.12G026040.1	119	86	0	RLP		False
Soltu.DM.03G034660.1	700	352	0	RLK	G-LecRLK	True
Soltu.DM.07G025140.1	829	436	0	RLK	G-LecRLK	True
Soltu.DM.09G011220.1	889	444	0	RLK	CrRLK1L	True
Soltu.DM.09G009260.1	733	330	0	RLK	WAK	True
Soltu.DM.11G017110.1	895	424	0	RLK		True
Soltu.DM.05G006290.2	619	355	168	RLK	LRR	True
Soltu.DM.12G027080.1	1059	496	361	RLP	LRR	False
Soltu.DM.04G030340.1	331	67	0	RLP		False
Soltu.DM.08G011810.1	873	597	475	RLK	LRR	True
Soltu.DM.08G006690.1	926	795	660	RLP	LRR	True
Soltu.DM.08G020730.1	994	652	522	RLK	LRR	True
Soltu.DM.02G019650.1	645	281	0	RLK	CRK	True
Soltu.DM.06G023620.2	320	281	0	RLP		False
Soltu.DM.01G002130.1	619	262	0	RLK		False
Soltu.DM.02G003310.1	532	427	0	RLP	G-LecRLK	True
Soltu.DM.10G016300.1	847	417	0	RLK	CrRLK1L	True
Soltu.DM.07G025050.2	603	435	0	RLK	G-LecRLK	True
Soltu.DM.03G001460.2	1129	790	681	RLK	LRR	False
Soltu.DM.08G021790.1	759	362	0	RLK	G-LecRLK	False
Soltu.DM.06G011900.1	971	614	462	RLK	LRR	True
Soltu.DM.07G018190.1	931	317	0	RLP		True
Soltu.DM.09G010970.1	444	344	0	RLP		True
Soltu.DM.08G016850.1	1365	120	0	RLP		False
Soltu.DM.10G018490.1	953	557	215	RLK	LRR	True
Soltu.DM.09G012800.2	653	279	118	RLK	LRR	True
Soltu.DM.05G003790.2	660	252	0	RLK		True
Soltu.DM.03G012000.1	604	215	0	RLK		True
Soltu.DM.05G022480.1	283	209	0	RLP		True
Soltu.DM.07G002090.1	784	582	491	RLK	LRR	False
Soltu.DM.05G011970.3	881	235	0	RLP		False
Soltu.DM.08G006710.2	923	859	615	RLP	LRR	False
Soltu.DM.07G004270.1	1014	965	837	RLP	LRR	True
Soltu.DM.05G022480.5	213	138	0	RLP		False
Soltu.DM.01G009170.2	195	74	0	RLP		False
Soltu.DM.01G009170.4	195	74	0	RLP		False
Soltu.DM.01G003500.2	670	279	0	RLK	CRK	True
Soltu.DM.01G041510.1	597	397	170	RLK	LRR	False
Soltu.DM.05G003740.1	642	251	0	RLK	WAK	True
Soltu.DM.06G034460.1	132	98	0	RLP		False
Soltu.DM.05G004230.1	149	61	0	RLP		False
Soltu.DM.04G014290.1	622	235	0	RLK		True
Soltu.DM.02G014980.1	1002	609	215	RLK	CrRLK1L;LRR	True
Soltu.DM.02G019660.1	723	476	0	RLK	CRK	True
Soltu.DM.04G009510.1	520	427	314	RLP	LRR	False
Soltu.DM.10G021930.1	890	481	121	RLK	LRR	False
Soltu.DM.10G001740.1	920	226	0	RLP		False
Soltu.DM.03G001260.1	978	808	585	RLP	LRR	False
Soltu.DM.10G018500.2	870	479	216	RLK	LRR	False
Soltu.DM.01G047420.1	666	253	0	RLK	SPARK	True
Soltu.DM.02G015490.2	616	232	0	RLK		True
Soltu.DM.04G032910.2	811	466	385	RLK	LRR	False
Soltu.DM.09G014180.3	778	558	240	RLK	LRR	True
Soltu.DM.12G000790.1	461	400	284	RLP	LRR	False
Soltu.DM.01G019090.1	277	70	0	RLP		False
Soltu.DM.06G005040.1	907	513	431	RLK	LRR	False
Soltu.DM.07G027340.2	350	286	0	RLP	L-LecRLK	True
Soltu.DM.03G006010.2	1329	938	0	RLP		False
Soltu.DM.02G015680.1	810	609	537	RLP	LRR	False
Soltu.DM.11G012170.1	957	615	480	RLK	LRR	True
Soltu.DM.10G012540.1	615	228	97	RLK	LRR	True
Soltu.DM.12G029550.1	485	428	382	RLP	LRR	False
Soltu.DM.01G004920.1	526	268	0	RLP	WAK	False
Soltu.DM.09G025640.1	631	263	0	RLK		True
Soltu.DM.08G024140.1	140	81	0	RLP		False
Soltu.DM.09G028870.1	359	321	0	RLP		True
Soltu.DM.06G024570.1	162	87	0	RLP		False
Soltu.DM.01G006600.1	283	235	165	RLP	LRR	False
Soltu.DM.11G023520.2	507	267	120	RLK	LRR	True
Soltu.DM.11G011840.1	444	164	0	RLP		True
Soltu.DM.12G010770.1	1007	598	191	RLK	CrRLK1L;LRR	True
Soltu.DM.11G022880.2	620	114	0	RLK		True
Soltu.DM.01G002930.1	963	516	220	RLK	LRR	True
Soltu.DM.04G027950.1	1035	721	579	RLK	LRR	True
Soltu.DM.04G000500.1	719	373	224	RLK	LRR	True
Soltu.DM.09G006520.3	827	786	0	RLP		False
Soltu.DM.09G017030.1	942	495	217	RLK	LRR	True
Soltu.DM.07G018610.1	719	429	0	RLK	G-LecRLK	True
Soltu.DM.07G021940.2	546	62	0	RLP		False
Soltu.DM.09G006180.1	715	321	0	RLK	L-LecRLK	True
Soltu.DM.04G010860.1	134	64	0	RLP		False
Soltu.DM.02G020440.1	335	291	0	RLP	WAK	True
Soltu.DM.04G009570.1	832	631	563	RLK	LRR	False
Soltu.DM.03G033670.1	672	270	0	RLK	WAK	True
Soltu.DM.09G006540.1	928	531	0	RLK	CrRLK1L	True
Soltu.DM.10G025430.1	934	484	220	RLK	LRR	True
Soltu.DM.09G000290.1	496	349	0	RLP	WAK	True
Soltu.DM.08G006050.1	755	93	0	RLP		False
Soltu.DM.02G027320.1	267	221	97	RLP	LRR	True
Soltu.DM.03G037850.1	725	333	96	RLK	LRR	False
Soltu.DM.05G026830.2	472	439	0	RLP		True
Soltu.DM.02G026090.1	655	265	0	RLK	WAK	True
Soltu.DM.09G000680.2	722	684	0	RLP		False
Soltu.DM.02G019120.1	712	429	0	RLK	G-LecRLK	False
Soltu.DM.07G021540.1	842	469	0	RLK	G-LecRLK	True
Soltu.DM.11G012170.2	858	615	480	RLK	LRR	True
Soltu.DM.05G009130.3	536	148	0	RLK		False
Soltu.DM.09G000880.1	556	507	405	RLP	LRR	False
Soltu.DM.01G003470.1	462	70	0	RLK	CRK	False
Soltu.DM.07G013680.2	597	567	0	RLP		False
Soltu.DM.03G028020.1	619	253	119	RLK	LRR	True
Soltu.DM.02G019100.1	830	436	0	RLK	G-LecRLK	True
Soltu.DM.03G026420.1	443	246	0	RLP	CRK	True
Soltu.DM.S001780.1	572	301	0	RLK	WAK	True
Soltu.DM.01G042330.1	94	53	0	RLP		True
Soltu.DM.12G000980.1	222	166	99	RLP	LRR	False
Soltu.DM.05G003410.1	629	242	0	RLK	WAK	True
Soltu.DM.07G004310.1	1033	981	825	RLP	LRR	True
Soltu.DM.01G004970.1	530	145	0	RLK		False
Soltu.DM.09G004720.1	982	950	0	RLP		True
Soltu.DM.08G014550.1	476	138	0	RLK		True
Soltu.DM.07G025030.1	805	436	0	RLK	G-LecRLK	True
Soltu.DM.01G032690.2	532	115	0	RLP		False
Soltu.DM.07G018590.1	789	386	0	RLK	G-LecRLK	False
Soltu.DM.04G031060.1	622	596	521	RLP	LRR	False
Soltu.DM.12G011940.1	643	241	0	RLK	WAK	True
Soltu.DM.05G003660.1	139	111	0	RLP		False
Soltu.DM.01G004240.1	378	351	268	RLP	LRR	False
Soltu.DM.02G022440.5	758	191	0	RLK		False
Soltu.DM.03G004240.1	728	229	0	RLK		False
Soltu.DM.07G002380.1	770	344	0	RLK	WAK	True
Soltu.DM.07G007400.2	613	52	0	RLP		False
Soltu.DM.02G003080.1	151	98	0	RLP		True
Soltu.DM.01G009170.1	195	74	0	RLP		False
Soltu.DM.01G006670.1	784	736	598	RLP	LRR	True
Soltu.DM.03G015760.1	678	305	145	RLK	LRR	True
Soltu.DM.04G004090.1	1126	748	441	RLK	LRR	True
Soltu.DM.10G026880.1	640	252	0	RLK	L-LecRLK	False
Soltu.DM.02G012990.1	1045	618	506	RLK	LRR	False
Soltu.DM.03G025950.1	663	294	0	RLK	L-LecRLK	True
Soltu.DM.02G030720.1	873	428	0	RLK	CrRLK1L	True
Soltu.DM.04G008310.1	988	789	660	RLP	LRR	True
Soltu.DM.01G003510.1	645	254	0	RLK	CRK	True
Soltu.DM.01G034550.1	226	153	0	RLP		False
Soltu.DM.03G002530.1	508	300	0	RLP	G-LecRLK	False
Soltu.DM.12G000750.1	525	461	311	RLP	LRR	False
Soltu.DM.03G014740.1	455	105	0	RLK		False
Soltu.DM.09G000300.1	609	374	0	RLP	WAK	True
Soltu.DM.01G003500.1	580	223	0	RLK	CRK	True
Soltu.DM.09G002480.1	129	96	0	RLP		False
Soltu.DM.11G008510.1	779	433	0	RLK	G-LecRLK	True
Soltu.DM.03G001620.1	689	527	460	RLP	LRR	False
Soltu.DM.07G000580.1	855	454	312	RLK	LRR	True
Soltu.DM.10G019550.1	481	335	0	RLP	WAK	True
Soltu.DM.04G009450.1	732	583	540	RLP	LRR	False
Soltu.DM.08G028590.1	244	169	0	RLP		False
Soltu.DM.03G009280.1	874	534	387	RLK	LRR	True
Soltu.DM.06G001460.1	730	667	501	RLP	LRR	True
Soltu.DM.05G003480.1	598	253	0	RLK		True
Soltu.DM.10G018590.2	626	568	0	RLP		True
Soltu.DM.12G018260.1	383	63	0	RLP		False
Soltu.DM.03G035310.1	158	83	0	RLP		False
Soltu.DM.04G033340.1	671	281	94	RLK	LRR	True
Soltu.DM.05G026630.1	149	115	0	RLP	CRK	False
Soltu.DM.01G004790.1	425	95	0	RLK		False
Soltu.DM.04G009530.1	485	368	286	RLP	LRR	False
Soltu.DM.08G023560.1	969	908	585	RLP	LRR	True
Soltu.DM.01G049120.1	434	409	0	RLP		True
Soltu.DM.09G000680.1	876	840	0	RLP		True
Soltu.DM.09G000810.1	665	281	0	RLK	L-LecRLK	True
Soltu.DM.12G028330.1	772	308	141	RLK	LRR	True
Soltu.DM.02G015670.2	710	469	389	RLK	LRR	False
Soltu.DM.02G034050.1	767	393	213	RLK	LRR	True
Soltu.DM.10G018410.2	225	151	0	RLP		False
Soltu.DM.12G026810.1	579	524	386	RLP	LRR	False
Soltu.DM.05G015670.1	120	87	0	RLP		False
Soltu.DM.04G033170.1	799	449	0	RLK	G-LecRLK	True
Soltu.DM.02G029720.1	703	270	0	RLK		True
Soltu.DM.09G001040.1	359	288	0	RLP	L-LecRLK	True
Soltu.DM.06G001440.2	453	399	231	RLP	LRR	True
Soltu.DM.04G028700.1	629	243	97	RLK	LRR	True
Soltu.DM.01G034280.1	260	83	0	RLP		False
Soltu.DM.03G001070.2	956	624	262	RLK	CrRLK1L;LRR	True
Soltu.DM.02G021070.1	599	228	0	RLK	WAK	True
Soltu.DM.09G011130.1	621	564	0	RLP		True
Soltu.DM.02G004710.1	207	139	0	RLP		True
Soltu.DM.08G026730.1	312	235	0	RLP		True
Soltu.DM.09G017490.2	523	479	0	RLP		False
Soltu.DM.10G002070.2	841	435	0	RLK	G-LecRLK	True
Soltu.DM.12G019570.1	944	136	0	RLP		False
Soltu.DM.12G026880.1	502	450	190	RLP	LRR	False
Soltu.DM.07G000160.2	447	274	0	RLP	GH18	False
Soltu.DM.01G004740.1	672	278	0	RLK	WAK	True
Soltu.DM.04G027790.2	237	195	0	RLP		False
Soltu.DM.11G014140.1	151	105	0	RLP		False
Soltu.DM.05G000100.1	213	179	0	RLP		True
Soltu.DM.04G009900.1	339	257	193	RLP	LRR	False
Soltu.DM.05G004690.1	905	843	0	RLP		True
Soltu.DM.01G001300.1	246	194	102	RLP	LRR	False
Soltu.DM.09G025670.1	258	184	0	RLP		False
Soltu.DM.05G010490.1	926	531	0	RLK	CrRLK1L	True
Soltu.DM.11G010320.1	837	426	0	RLK	G-LecRLK	True
Soltu.DM.06G001570.1	187	137	0	RLP		False
Soltu.DM.02G015640.1	464	160	97	RLK	LRR	False
Soltu.DM.10G022770.1	538	172	0	RLK		False
Soltu.DM.11G022950.1	501	470	0	RLP		True
Soltu.DM.11G022850.1	630	185	0	RLK		False
Soltu.DM.05G021750.1	246	91	0	RLP		False
Soltu.DM.03G001460.6	1058	719	656	RLK	LRR	False
Soltu.DM.01G016000.1	278	243	0	RLP		False
Soltu.DM.12G000690.1	717	654	489	RLP	LRR	False
Soltu.DM.05G003790.1	662	253	0	RLK		True
Soltu.DM.03G033650.1	672	280	0	RLK	WAK	True
Soltu.DM.04G014290.2	559	172	0	RLK		False
Soltu.DM.09G010660.1	93	58	0	RLP		False
Soltu.DM.12G000680.1	1283	1223	899	RLP	LRR	True
Soltu.DM.10G012540.2	615	228	97	RLK	LRR	True
Soltu.DM.06G001650.1	473	350	166	RLP	LRR	False
Soltu.DM.04G004440.1	680	147	0	RLP		False
Soltu.DM.08G014590.1	697	360	190	RLK	LRR	True
Soltu.DM.01G034920.1	294	163	0	RLP	WAK	True
Soltu.DM.01G051900.2	621	580	0	RLP		True
Soltu.DM.04G008490.1	916	788	660	RLP	LRR	True
Soltu.DM.09G012910.1	951	556	216	RLK	LRR	True
Soltu.DM.07G021250.1	497	319	0	RLK	G-LecRLK	True
Soltu.DM.04G009640.1	597	255	169	RLK	LRR	False
Soltu.DM.04G014700.1	298	256	0	RLP		True
Soltu.DM.10G011260.1	641	588	0	RLP		True
Soltu.DM.03G008650.2	818	406	0	RLK	CrRLK1L	True
Soltu.DM.04G009880.1	493	293	217	RLK	LRR	False
Soltu.DM.05G018890.1	923	279	0	RLP		True
Soltu.DM.12G026240.1	635	265	95	RLK	LRR	True
Soltu.DM.08G021060.1	540	426	349	RLK	LRR	False
Soltu.DM.02G021840.3	290	106	0	RLP		False
Soltu.DM.11G023080.1	200	161	0	RLP		True
Soltu.DM.07G018570.1	816	433	0	RLK	G-LecRLK	True
Soltu.DM.01G004490.2	281	184	0	RLP		False
Soltu.DM.02G014950.1	992	603	238	RLK	CrRLK1L;LRR	True
Soltu.DM.08G028670.1	642	261	120	RLK	LRR	True
Soltu.DM.01G004820.2	589	223	0	RLK	WAK	True
Soltu.DM.10G023930.1	512	326	0	RLK	L-LecRLK	True
Soltu.DM.02G015020.2	874	588	192	RLP	CrRLK1L;LRR	True
Soltu.DM.03G001190.2	658	409	344	RLK	LRR	False
Soltu.DM.02G026160.1	549	285	0	RLP	WAK	True
Soltu.DM.05G000650.1	422	360	218	RLP	LRR	True
Soltu.DM.03G021730.1	1127	779	654	RLK	LRR	True
Soltu.DM.10G013050.1	548	51	0	RLP		False
Soltu.DM.12G003860.1	549	515	0	RLP		False
Soltu.DM.06G017630.1	432	366	0	RLP		True
Soltu.DM.09G008330.1	773	354	0	RLK	WAK	True
Soltu.DM.05G025420.1	818	411	0	RLK	CrRLK1L	True
Soltu.DM.11G017240.2	574	517	0	RLP		False
Soltu.DM.01G004970.2	477	145	0	RLK		False
Soltu.DM.03G019720.1	191	152	0	RLP		True
Soltu.DM.01G004170.1	170	118	0	RLP		False
Soltu.DM.05G022480.3	234	159	0	RLP		False
Soltu.DM.07G025130.1	502	407	0	RLP	G-LecRLK	True
Soltu.DM.04G024360.1	365	327	0	RLP		True
Soltu.DM.09G006820.1	977	565	435	RLK	LRR	True
Soltu.DM.09G024250.1	785	433	0	RLK	G-LecRLK	True
Soltu.DM.01G044310.1	654	249	95	RLK	LRR	True
Soltu.DM.03G001270.4	771	404	344	RLK	LRR	False
Soltu.DM.12G000770.1	398	334	290	RLP	LRR	False
